au13,lma01,lma06,lma13,slma01,slma06,slma13
500100,1,1,1,1,1,1
500202,1,1,1,2,1,1
500203,1,1,1,2,1,1
500204,1,1,1,1,1,1
500205,1,1,1,1,1,1
500206,1,1,1,3,1,1
500207,1,1,1,1,1,1
500208,1,1,1,1,1,1
500301,1,1,1,1,1,1
500302,1,1,1,1,1,1
500401,1,1,1,4,2,2
500402,1,1,1,4,2,2
500500,1,1,1,5,3,3
500600,1,1,1,6,4,2
500700,1,1,1,6,4,2
500801,1,1,1,5,3,3
500802,1,1,1,6,4,2
500900,1,1,1,7,5,2
501000,1,1,1,8,6,4
501100,1,1,1,9,7,2
501200,1,1,1,9,7,2
501300,1,1,1,9,7,2
501400,1,1,1,8,6,4
501500,1,1,1,8,6,4
501612,1,1,1,9,7,2
501614,1,1,1,7,5,2
501615,1,1,1,7,5,2
501620,1,1,1,8,6,4
501631,1,1,1,10,4,2
501632,1,1,1,10,4,2
501633,1,1,1,7,5,2
501634,1,1,1,10,4,2
501700,1,1,1,10,4,2
501802,2,2,1,1,1,5
501806,2,2,1,2,2,6
501807,2,2,1,3,3,7
501809,2,2,1,4,4,5
501810,2,2,1,4,4,5
501811,2,2,1,2,2,6
501814,2,2,1,3,3,7
501815,2,2,1,2,2,6
501816,2,2,1,2,2,6
501817,2,2,1,5,5,5
501818,2,2,1,5,5,5
501819,2,2,1,5,5,5
502001,2,2,1,5,5,5
502002,2,2,1,5,5,5
502003,2,2,1,5,5,5
502004,2,2,1,5,5,5
502005,2,2,1,5,5,5
502101,2,2,1,5,5,5
502102,2,2,1,5,5,5
502201,2,2,1,5,5,5
502202,2,2,1,5,5,5
502300,2,2,1,5,5,5
502400,2,2,1,5,5,5
502500,2,2,1,5,5,5
502600,2,2,1,5,5,5
502700,2,2,1,5,5,5
502800,2,2,1,5,5,5
502900,2,2,1,5,5,5
503000,2,2,1,5,5,5
503100,2,2,1,5,5,5
503200,2,2,1,5,5,5
503300,2,2,1,5,5,5
503400,2,2,1,5,5,5
503500,2,2,1,5,5,5
503600,2,2,1,5,5,5
503700,2,2,1,5,5,5
503800,2,2,1,5,5,5
503900,2,2,1,5,5,5
504000,2,2,1,5,5,5
504100,2,2,1,5,5,5
504300,2,2,1,5,5,5
504400,2,2,1,6,6,8
504501,2,2,1,6,6,8
504502,2,2,1,6,6,8
504600,2,2,1,6,6,8
504700,2,2,1,7,7,9
504800,2,2,1,7,7,9
504900,2,2,1,7,7,9
505010,2,2,1,7,7,9
505021,2,2,1,7,7,9
505022,2,2,1,7,7,9
505300,2,2,2,8,8,1
505400,2,2,2,8,8,2
505500,2,2,2,8,8,3
505601,3,3,3,1,1,1
505602,3,3,3,1,1,1
505603,3,3,3,1,1,1
505604,3,3,3,1,1,1
505605,3,3,3,1,1,1
505700,3,3,3,1,1,1
505803,3,3,3,2,2,2
505804,3,3,3,2,2,2
505805,3,3,3,2,2,2
505806,3,3,3,2,2,2
505807,3,3,3,2,2,2
505808,3,3,3,2,2,2
505902,3,3,3,2,2,2
505904,3,3,3,2,2,2
505906,3,3,3,2,2,2
505907,3,3,3,2,2,2
505908,3,3,3,2,2,2
505909,3,3,3,2,2,2
505910,3,3,3,2,2,2
506001,3,3,3,2,2,2
506002,3,3,3,2,2,2
506003,3,3,3,2,2,2
506201,3,3,3,2,2,2
506202,3,3,3,2,2,2
506300,3,3,3,2,2,2
506400,3,3,3,1,2,2
506613,2,2,2,8,8,4
506614,3,3,3,2,2,2
506616,2,2,2,8,8,2
506620,2,2,4,9,8,1
506631,2,2,2,8,8,3
506633,2,2,2,8,8,3
506634,2,2,2,8,8,5
506642,3,3,3,1,1,1
506644,3,3,3,1,1,1
506645,3,3,3,1,1,1
506646,3,3,3,2,2,2
506647,3,3,3,2,2,2
506648,3,3,3,1,1,1
506652,3,3,3,1,1,1
506653,3,3,3,1,2,2
506654,3,3,3,1,1,1
506655,3,3,3,1,1,1
506656,3,3,3,1,1,1
506657,2,2,2,8,8,2
506658,2,2,2,8,8,6
506659,2,2,2,8,8,2
506660,2,2,2,8,8,1
506661,2,2,2,8,8,2
506800,3,3,3,1,1,1
506901,3,3,3,2,2,2
506902,3,3,3,2,2,2
506903,3,3,3,2,2,2
507000,3,3,3,2,2,2
507101,3,3,3,2,2,2
507102,3,3,3,2,2,2
507200,3,3,3,2,2,2
507300,3,3,3,2,2,2
507400,3,3,3,2,2,2
507500,3,3,3,2,2,2
507710,3,3,3,2,2,2
507720,3,3,3,2,2,2
507800,3,3,3,2,2,2
507900,3,3,3,2,2,2
508010,3,3,3,2,2,2
508020,3,3,3,2,2,2
508110,3,3,3,2,2,2
508120,3,3,3,2,2,2
508210,3,3,3,2,2,2
508220,3,3,3,2,2,2
508310,3,3,3,2,2,2
508320,3,3,3,2,2,2
508411,3,3,3,2,2,2
508412,3,3,3,2,2,2
508420,3,3,3,2,2,2
508510,3,3,3,2,2,2
508520,3,3,3,2,2,2
508610,3,3,3,2,2,2
508620,3,3,3,2,2,2
508701,3,3,3,2,2,2
508703,3,3,3,2,2,2
508704,3,3,3,2,2,2
508803,3,3,3,2,2,2
508804,3,3,3,2,2,2
508805,3,3,3,2,2,2
508806,3,3,3,2,2,2
508807,3,3,3,2,2,2
508900,3,3,3,2,2,2
509000,3,3,3,2,2,2
509100,3,3,3,2,2,2
509300,3,3,3,2,2,2
509400,3,3,3,2,2,2
509500,3,3,3,2,2,2
509701,3,3,3,2,2,2
509702,3,3,3,2,2,2
509800,3,3,3,2,2,2
510010,3,3,3,2,2,2
510020,3,3,3,2,2,2
510210,3,3,3,2,2,2
510220,3,3,3,2,2,2
510401,3,3,3,2,2,2
510402,3,3,3,2,2,2
510500,3,3,3,2,2,2
510700,3,3,3,1,1,1
510800,3,3,3,1,1,1
511001,3,3,3,1,1,1
511002,3,3,3,1,1,1
511100,3,3,3,1,1,1
511301,3,3,3,1,1,1
511302,3,3,3,1,1,1
511303,3,3,3,1,1,1
511401,3,3,3,1,1,1
511402,3,3,3,1,1,1
511601,3,3,3,1,1,1
511602,3,3,3,1,1,1
511700,3,3,3,1,1,1
511800,3,3,3,1,1,1
511901,3,3,3,1,1,1
511902,3,3,3,1,1,1
512000,3,3,3,1,1,1
512100,3,3,3,1,1,1
512201,3,3,3,1,1,1
512202,3,3,3,1,1,1
512300,3,3,3,1,1,1
512401,3,3,3,1,1,1
512402,3,3,3,1,1,1
512500,3,3,3,1,1,1
512600,3,3,3,1,1,1
512700,3,3,3,1,1,1
512801,3,3,3,1,1,1
512802,3,3,3,1,1,1
512902,3,3,3,1,1,1
512903,3,3,3,1,1,1
512904,3,3,3,1,1,1
512905,3,3,3,1,1,1
512906,3,3,3,1,1,1
513011,3,3,3,1,1,1
513012,3,3,3,1,1,1
513013,3,3,3,1,1,1
513020,3,3,3,1,1,1
513101,3,3,3,1,1,1
513102,3,3,3,1,1,1
513211,3,3,3,1,1,1
513212,3,3,3,1,1,1
513213,3,3,3,1,1,1
513214,3,3,3,1,1,1
513220,3,3,3,1,1,1
513301,3,3,3,1,1,1
513302,3,3,3,1,1,1
513410,3,3,3,1,1,1
513420,3,3,3,1,1,1
513431,3,3,3,1,1,1
513432,3,3,3,1,1,1
513511,3,3,3,1,1,1
513512,3,3,3,1,1,1
513521,3,3,3,1,1,1
513522,3,3,3,1,1,1
513530,3,3,3,1,1,1
513610,3,3,3,1,1,1
513621,3,3,3,1,1,1
513622,3,3,3,1,1,1
513631,3,3,3,1,1,1
513632,3,3,3,1,1,1
513701,3,3,3,1,1,1
513702,3,3,3,1,1,1
513800,3,3,3,1,1,1
514000,3,3,3,3,3,3
514101,3,3,3,3,3,3
514102,3,3,3,3,3,3
514103,3,3,3,3,3,3
514200,3,3,3,3,3,3
514301,3,3,3,3,3,3
514302,3,3,3,3,3,3
514401,3,3,3,1,1,1
514402,3,3,3,1,1,1
514500,3,3,3,3,3,3
514600,3,3,3,1,1,1
514700,3,3,3,1,1,1
514801,3,3,3,1,1,1
514802,3,3,3,1,1,1
514900,3,3,3,3,3,3
515001,3,3,3,3,3,3
515002,3,3,3,3,3,3
515003,3,3,3,3,1,1
515100,3,3,3,3,3,3
515201,3,3,3,3,3,3
515202,3,3,3,3,3,3
515301,3,3,3,3,3,3
515302,3,3,3,3,3,3
515410,3,3,3,3,3,3
515420,3,3,3,3,3,3
515431,3,3,3,3,3,3
515432,3,3,3,3,3,3
515500,3,3,3,3,3,3
515600,3,3,3,3,3,3
515700,3,3,3,3,3,3
515801,3,3,3,3,3,3
515802,3,3,3,3,3,3
515901,3,3,3,3,3,3
515902,3,3,3,3,3,3
516001,3,3,3,3,3,3
516002,3,3,3,3,3,3
516003,3,3,3,3,3,3
516101,3,3,3,3,3,3
516102,3,3,3,3,3,3
516201,3,3,3,3,3,3
516202,3,3,3,3,3,3
516301,3,3,3,3,3,3
516302,3,3,3,3,3,3
516400,3,3,3,3,3,3
516500,3,3,3,3,3,3
516601,3,3,3,3,3,3
516602,3,3,3,3,3,3
516700,3,3,3,3,3,3
516800,3,3,3,3,3,3
516900,3,3,3,3,3,3
517001,3,3,3,4,4,4
517002,3,3,3,4,4,4
517100,3,3,3,4,4,4
517201,3,3,3,4,4,4
517202,3,3,3,4,4,3
517400,3,3,3,3,3,3
517500,3,3,3,3,3,3
517600,3,3,3,3,3,3
517701,3,3,3,3,3,3
517702,3,3,3,3,3,3
517703,3,3,3,3,3,3
517800,3,3,3,3,3,3
517901,3,3,3,3,3,1
517902,3,3,3,3,3,3
517903,3,3,3,3,3,3
518101,3,3,3,3,3,3
518102,3,3,3,3,3,3
518201,3,3,3,3,3,3
518202,3,3,3,3,3,3
518301,3,3,3,3,3,3
518302,3,3,3,3,3,3
518500,3,3,3,3,3,3
518600,3,3,3,3,3,3
518701,3,3,3,3,3,3
518702,3,3,3,4,3,3
518801,3,3,3,3,3,3
518802,3,3,3,3,3,3
518803,3,3,3,3,3,3
518901,3,3,3,3,3,3
518902,3,3,3,3,3,3
519001,3,3,3,3,3,3
519002,3,3,3,3,3,3
519200,3,3,3,3,3,3
519300,3,3,3,3,3,3
519400,3,3,3,3,3,3
519500,3,3,3,4,4,4
519710,3,3,3,3,3,3
519720,3,3,3,3,3,3
519810,3,3,3,4,3,4
519820,3,3,3,4,4,4
519900,3,3,3,4,4,3
520000,3,3,3,4,4,4
520201,3,3,3,4,4,4
520202,3,3,3,4,4,4
520301,3,3,3,4,4,4
520302,3,3,3,4,4,4
520303,3,3,3,4,4,4
520401,3,3,3,4,4,4
520402,3,3,3,4,4,4
520500,3,3,3,4,4,4
520601,3,3,3,4,4,4
520602,3,3,3,4,4,4
520801,3,4,5,5,1,1
520900,2,4,5,10,2,2
521000,4,4,5,1,3,3
521111,5,5,6,1,1,1
521112,5,5,6,2,1,2
521114,5,5,6,3,2,3
521115,5,5,6,3,2,3
521116,5,5,6,1,1,1
521117,5,5,6,3,2,3
521121,5,5,6,2,3,4
521122,3,3,3,4,4,4
521131,5,5,6,4,4,5
521132,3,3,3,4,4,4
521134,3,3,3,4,4,4
521135,5,5,6,5,5,6
521136,5,5,7,5,6,1
521151,5,5,6,6,7,7
521152,5,5,6,6,7,7
521153,5,5,6,7,8,8
521160,5,5,6,4,4,5
521201,3,3,3,4,4,4
521202,3,3,3,4,4,4
521203,3,3,3,4,4,4
521301,3,3,3,4,4,4
521302,3,3,3,4,4,4
521501,3,3,3,4,4,4
521502,3,3,3,4,4,4
521601,3,3,3,4,4,4
521602,3,3,3,4,4,4
521801,3,3,3,4,4,4
521802,3,3,3,4,4,4
521803,3,3,3,4,4,4
521901,3,3,3,4,4,4
521902,3,3,3,4,4,4
522100,3,3,3,4,4,4
522201,3,3,3,4,4,4
522202,3,3,3,4,4,4
522301,3,3,3,4,4,4
522302,3,3,3,4,4,4
522400,3,3,3,4,4,4
522601,3,3,3,4,4,4
522603,3,3,3,4,4,4
522604,3,3,3,4,4,4
522711,3,3,3,4,4,4
522712,3,3,3,4,4,4
522721,3,3,3,4,4,4
522722,3,3,3,4,4,4
522723,3,3,3,4,4,4
522730,3,3,3,4,4,4
522810,3,3,3,4,4,4
522820,3,3,3,4,4,4
522910,3,3,3,4,4,4
522920,3,3,3,4,4,4
523000,3,3,3,4,4,4
523101,3,3,3,4,4,4
523102,3,3,3,4,4,4
523105,3,3,3,4,4,4
523106,3,3,3,4,4,4
523107,3,3,3,4,4,4
523109,3,3,3,4,4,4
523110,3,3,3,4,4,4
523112,3,3,3,4,4,4
523113,3,3,3,4,4,4
523114,3,3,3,4,4,4
523115,3,3,3,4,4,4
523116,3,3,3,4,4,4
523201,3,3,3,4,4,4
523202,3,3,3,4,4,4
523300,3,3,3,4,4,4
523402,3,3,3,4,4,4
523403,3,3,3,4,4,4
523404,3,3,3,4,4,4
523501,3,3,3,4,4,4
523502,3,3,3,4,4,4
523601,3,3,3,4,4,4
523602,3,3,3,4,4,4
523711,3,3,3,4,4,4
523712,3,3,3,4,4,4
523713,3,3,3,4,4,4
523721,3,3,3,4,4,4
523722,3,3,3,4,4,4
523813,3,3,3,4,4,4
523814,3,3,3,4,4,4
523816,3,3,3,4,4,4
523817,3,3,3,4,4,4
523818,3,3,3,4,4,4
523819,3,3,3,4,4,4
523820,3,3,3,4,4,4
523911,3,3,3,4,4,4
523912,3,3,3,4,4,4
523920,3,3,3,4,4,4
524001,3,3,3,4,4,4
524002,3,3,3,4,4,4
524111,3,3,3,4,4,4
524112,3,3,3,4,4,4
524121,3,3,3,4,4,4
524122,3,3,3,4,4,4
524200,3,3,3,4,4,4
524301,3,3,3,4,4,4
524302,3,3,3,4,4,4
524303,3,3,3,4,4,4
524402,3,3,3,4,4,4
524403,3,3,3,4,4,4
524404,3,3,3,4,4,4
524405,3,3,3,4,4,4
524510,3,3,3,4,4,4
524520,3,3,3,4,4,4
524530,3,3,3,4,4,4
524602,3,3,3,4,4,4
524603,3,3,3,4,4,4
524604,3,3,3,4,4,4
524711,3,3,3,4,4,4
524712,3,3,3,4,4,4
524713,3,3,3,4,4,4
524720,3,3,3,4,4,4
524811,3,3,3,4,4,4
524812,3,3,3,4,4,4
524821,3,3,3,4,4,4
524822,3,3,3,4,4,4
524901,3,3,3,4,4,4
524902,3,3,3,4,4,4
525001,3,3,3,4,4,4
525002,3,3,3,4,4,4
525101,3,3,3,4,4,4
525102,3,3,3,4,4,4
525201,3,3,3,4,4,4
525202,3,3,3,4,4,4
525410,3,3,3,4,4,4
525420,3,3,3,4,4,4
525510,3,3,3,4,4,4
525520,3,3,3,4,4,4
525530,3,3,3,4,4,4
525540,3,3,3,4,4,4
525610,3,3,3,4,4,4
525620,3,3,3,4,4,4
525630,3,3,3,4,4,4
525700,3,3,3,4,4,4
525910,5,5,6,1,1,1
525921,5,5,6,1,1,1
525922,5,5,6,1,1,1
526103,5,5,6,6,7,7
526104,5,5,6,6,7,7
526105,5,5,6,6,7,7
526106,5,5,6,6,7,7
526200,5,5,6,3,2,3
526400,6,6,8,1,1,1
526500,6,6,8,2,2,2
526601,6,6,8,1,1,1
526602,6,6,8,2,2,2
526603,6,6,8,3,3,3
526701,5,5,6,8,9,9
526702,6,6,8,1,1,1
526900,6,6,8,1,1,1
527004,6,6,8,4,4,4
527005,6,6,8,5,5,4
527006,6,6,8,5,5,4
527007,6,6,8,5,5,4
527008,6,6,8,5,5,4
527009,6,6,8,5,5,4
527111,6,6,8,6,1,1
527112,6,6,8,1,1,1
527122,6,6,8,1,1,5
527123,6,6,8,1,1,4
527124,6,6,8,5,5,4
527125,6,6,8,4,6,5
527131,6,6,8,4,7,6
527133,6,6,8,7,7,6
527134,6,6,8,7,7,6
527210,6,6,8,1,1,1
527221,5,5,6,5,5,6
527222,5,5,6,4,4,6
527401,6,6,8,1,1,1
527402,6,6,8,1,1,1
527501,6,6,8,7,7,6
527502,6,6,8,7,7,6
527503,6,6,8,7,7,6
527504,6,6,8,7,7,6
527505,6,6,8,7,7,6
527600,6,6,8,8,8,3
527700,6,6,8,8,8,3
527810,6,6,8,5,5,4
527820,6,6,8,5,5,4
527912,6,6,8,5,9,4
527913,6,6,8,5,5,4
527914,6,6,8,9,10,7
527915,6,6,8,5,7,4
527916,6,6,8,1,1,4
527917,6,6,8,5,5,4
527921,6,6,8,8,8,3
527922,6,6,8,8,8,3
527923,6,6,8,8,8,3
527924,6,6,8,8,8,3
527925,6,6,8,8,8,3
527931,6,6,8,7,7,6
527932,6,6,8,10,8,3
527934,6,6,8,7,7,6
527935,6,6,8,8,8,3
527936,6,6,8,8,8,3
527937,6,6,8,8,8,3
528000,6,6,8,11,8,3
528200,6,6,8,1,1,4
528310,6,6,8,5,5,4
528320,6,6,8,5,5,4
528402,6,6,8,5,5,4
528403,6,6,8,5,5,4
528405,6,6,8,5,5,4
528406,6,6,8,5,5,4
528501,6,6,8,5,5,4
528503,6,6,8,5,5,4
528504,6,6,8,5,5,4
528505,6,6,8,5,5,4
528601,6,6,8,5,5,4
528602,6,6,8,5,5,4
528700,6,6,8,5,5,4
528800,6,6,8,5,5,4
528900,6,6,8,5,5,4
529000,6,6,8,5,5,4
529100,6,6,8,5,5,4
529200,6,6,8,5,5,4
529300,6,6,8,5,5,4
529401,6,6,8,5,5,4
529402,6,6,8,5,5,4
529501,6,6,8,5,5,4
529502,6,6,8,5,5,4
529503,6,6,8,5,5,4
529600,6,6,8,5,5,4
529700,6,6,8,5,5,4
529800,6,6,8,5,5,4
529900,6,6,8,5,5,4
530000,6,6,8,5,5,4
530100,6,6,8,5,5,4
530200,6,6,8,5,5,4
530300,6,6,8,5,5,4
530400,6,6,8,5,5,4
530500,6,6,8,5,5,4
530600,6,6,8,5,5,4
530700,6,6,8,5,5,4
530800,6,6,8,5,5,4
531001,6,6,8,8,8,3
531002,6,6,8,8,8,3
531003,6,6,8,8,8,3
531004,6,6,8,8,8,3
531100,6,6,8,12,11,3
531200,6,6,8,12,11,3
531301,6,6,8,12,11,3
531303,6,6,8,12,11,3
531304,6,6,8,12,11,3
531500,6,6,8,13,11,8
531600,6,6,8,13,11,8
531710,6,6,8,13,11,8
531720,6,6,8,13,11,8
531731,6,6,8,13,11,8
531732,6,6,8,13,11,8
531800,6,6,8,13,11,8
532000,6,6,8,13,11,8
532200,7,7,9,1,1,1
532300,7,7,10,2,2,1
532400,7,7,10,3,2,2
532501,7,7,10,2,2,3
532502,7,7,9,1,1,1
532601,7,7,10,4,2,1
532602,7,7,10,4,2,1
532700,7,7,10,3,2,4
532901,7,7,10,2,2,5
532902,7,7,10,2,2,5
532903,7,7,10,2,2,5
532904,7,7,10,2,2,5
533000,8,8,7,1,1,2
533100,8,8,7,2,1,3
533200,8,8,7,1,1,3
533300,8,8,7,3,2,4
533400,8,8,7,4,3,5
533501,8,8,7,5,4,6
533502,8,8,7,5,4,6
533602,8,8,7,4,3,5
533603,8,8,7,5,4,6
533604,8,8,7,5,4,6
533800,8,8,7,6,5,7
533901,8,8,7,6,5,7
533902,8,8,7,5,4,6
533903,8,8,7,6,5,7
534100,8,8,7,7,6,8
534200,8,8,7,8,7,8
534300,8,8,7,8,7,9
534400,8,8,7,7,6,8
534500,9,6,8,1,12,9
534602,9,6,8,2,12,9
534603,9,6,8,3,12,9
534604,9,6,8,2,12,9
534800,9,6,8,2,12,9
534901,9,6,8,1,12,9
534902,9,6,8,1,12,9
535000,9,6,8,4,13,10
535100,9,7,9,5,3,2
535211,9,7,9,6,3,2
535212,9,7,9,6,3,2
535220,9,6,8,4,13,10
535231,9,6,8,4,13,10
535232,9,7,9,5,3,2
535241,6,6,8,7,7,6
535242,9,6,8,4,13,10
535250,9,7,9,5,3,2
535261,9,7,9,5,3,2
535262,9,7,9,6,3,2
535310,9,7,9,6,3,2
535320,9,7,9,6,3,2
535330,9,7,9,6,3,2
535340,9,7,9,6,3,2
535350,9,7,9,6,3,2
535360,9,7,9,6,3,2
535370,9,7,9,6,3,2
535380,9,7,9,6,3,2
535501,9,6,8,4,13,10
535502,9,6,8,4,13,10
535600,9,7,9,5,3,2
535700,8,8,7,7,6,8
535800,10,9,11,1,1,1
535900,10,9,11,2,2,2
536000,10,9,11,3,3,3
536201,10,9,11,4,4,4
536202,10,9,11,4,4,4
536203,10,9,11,4,4,4
536400,8,8,7,7,6,8
536503,10,9,11,3,3,3
536505,10,9,11,4,4,4
536508,10,9,11,4,5,5
536512,10,9,11,5,4,6
536513,10,9,11,6,5,5
536514,10,9,11,6,3,5
536515,10,9,11,4,4,4
536516,10,9,11,4,4,4
536517,10,9,11,4,4,4
536611,10,9,11,7,6,7
536613,10,9,11,3,1,1
536614,10,9,11,1,1,1
536615,10,9,11,1,1,1
536620,10,9,11,3,3,3
536630,10,9,11,8,7,8
536641,10,9,11,9,7,6
536642,10,9,11,2,2,2
536651,10,9,11,2,2,2
536653,10,9,11,2,2,2
536654,10,9,11,2,2,2
536810,10,9,11,4,4,4
536821,10,9,11,4,4,4
536831,10,9,11,4,4,4
536832,10,9,11,4,4,4
537000,10,9,11,6,5,5
537100,10,9,11,6,5,5
537201,10,9,11,6,5,5
537202,10,9,11,6,5,5
537301,10,9,11,6,5,5
537302,10,9,11,6,5,5
537400,10,9,11,6,5,5
537500,10,9,11,8,5,8
537601,10,9,11,8,5,8
537602,10,9,11,8,5,8
537700,10,9,11,8,5,8
537800,10,9,11,8,5,8
537900,10,9,11,6,5,8
538000,10,9,11,6,5,8
538101,10,9,11,6,5,5
538102,10,9,11,6,5,5
538201,10,9,11,6,5,5
538202,10,9,11,6,5,5
538301,10,9,11,6,5,8
538302,10,9,11,6,5,5
538303,10,9,11,6,5,8
538501,10,9,11,2,2,2
538502,10,9,11,2,2,2
538601,11,7,9,1,4,3
538602,11,7,9,1,4,3
538721,11,7,9,2,4,3
538722,11,7,9,2,4,3
538731,11,7,9,2,4,3
538732,11,7,9,2,4,3
538741,11,7,9,2,4,3
538742,11,7,9,2,4,3
538811,11,7,9,1,4,3
538820,11,7,9,2,4,3
538831,11,7,9,3,5,4
538832,11,7,9,4,6,5
538841,11,7,9,5,7,6
538842,11,7,9,5,7,6
538850,11,7,9,6,7,6
538861,11,7,9,7,8,2
538863,11,7,9,7,4,3
538864,11,7,9,7,4,3
539000,11,7,9,8,4,3
539100,11,7,9,8,4,3
539200,11,7,9,8,4,3
539310,11,7,9,8,4,3
539320,11,7,9,9,4,3
539400,11,7,9,8,4,3
539500,11,7,9,8,4,3
539600,11,7,9,8,4,3
539700,11,7,9,9,4,3
539800,11,7,9,9,4,3
539900,11,7,9,9,4,3
540000,11,7,9,9,4,3
540100,11,7,9,9,4,3
540200,11,7,9,8,4,3
540300,11,7,9,9,4,3
540410,11,7,9,9,4,3
540420,11,7,9,9,4,3
540510,11,7,9,9,4,3
540520,11,7,9,9,4,3
540600,11,7,9,2,4,3
540700,11,7,9,2,4,3
540900,7,7,9,5,9,7
541000,7,7,9,1,1,1
541311,7,7,9,6,10,8
541312,7,7,9,6,10,8
541313,7,7,9,6,10,8
541315,7,7,9,6,10,8
541316,7,7,9,6,10,8
541317,7,7,9,6,10,8
541318,7,7,9,6,10,8
541319,7,7,9,6,10,8
541320,7,7,9,5,9,7
541333,7,7,9,7,10,8
541334,7,7,9,6,10,8
541335,7,7,9,7,10,8
541342,7,7,9,8,10,9
541344,7,7,9,6,10,8
541345,7,7,9,7,10,8
541346,7,7,9,1,1,1
541347,7,7,9,1,1,1
541348,7,7,9,1,1,1
541501,7,7,9,1,1,1
541502,7,10,9,7,1,8
541503,7,7,9,8,10,9
541710,7,7,9,6,10,8
541720,7,7,9,6,10,8
541730,7,7,9,6,10,8
541740,7,7,9,6,10,8
541750,7,7,9,6,10,8
541760,7,7,9,6,10,8
541900,12,11,12,1,1,1
542000,12,11,12,2,2,2
542100,12,11,12,3,3,3
542200,12,11,12,2,2,4
542300,12,11,12,4,4,2
542410,12,11,12,1,1,1
542421,12,11,12,1,1,1
542422,12,11,12,1,1,1
542430,12,11,12,1,1,1
542440,12,11,12,1,1,1
542511,12,11,12,1,1,1
542514,12,11,12,5,1,1
542520,12,11,12,1,1,1
542530,12,11,12,2,2,4
542540,12,11,12,4,4,2
542550,11,7,9,3,5,4
542561,12,11,12,3,3,3
542562,12,11,12,3,3,3
542600,12,11,12,4,4,2
542700,11,7,9,3,5,4
542800,12,11,12,6,5,5
542901,12,11,12,6,5,5
542903,12,11,12,6,5,5
542904,12,11,12,6,5,5
542906,12,11,12,6,5,5
543301,13,12,13,1,1,1
543302,13,12,13,1,1,1
543303,13,12,13,1,1,1
543601,13,12,13,2,2,2
543602,13,12,13,2,2,2
543800,13,12,13,3,3,3
543901,13,12,13,4,4,4
543902,13,12,13,5,5,5
543903,13,12,13,4,4,6
544001,13,12,13,6,6,7
544002,13,12,13,3,3,3
544003,13,12,13,3,3,3
544004,13,12,13,6,6,7
544200,13,12,13,4,4,6
544300,13,12,13,4,4,6
544400,13,12,13,4,4,6
544500,13,12,13,4,4,6
544600,13,12,13,4,4,6
544701,13,12,13,4,4,6
544702,13,12,13,4,4,6
544801,13,12,13,4,4,6
544802,13,12,13,4,4,6
544900,13,12,13,4,4,6
545201,13,12,13,7,7,8
545202,13,12,13,7,7,8
545204,13,12,13,7,7,8
545205,13,12,13,7,7,8
545301,13,12,13,7,7,8
545302,13,12,13,7,7,8
545303,13,12,13,7,7,8
545304,13,12,13,7,7,8
545500,13,12,13,7,7,8
545611,14,13,14,1,1,1
545621,14,13,14,1,1,1
545631,14,13,14,1,1,1
545632,14,13,14,1,1,1
545710,14,13,14,2,2,2
545721,14,13,14,2,2,2
545722,14,13,14,2,2,2
545730,14,13,14,3,3,3
545740,14,13,14,3,3,3
545750,14,13,14,2,2,2
545761,14,13,14,2,2,2
545762,14,13,14,2,2,2
545811,14,13,14,4,4,1
545812,14,13,14,1,1,1
545821,14,13,14,5,5,4
545822,14,13,14,6,2,4
545831,14,13,14,7,1,1
545832,14,13,14,3,3,3
545841,14,13,14,8,6,5
545842,14,13,14,2,2,2
545851,14,13,14,9,7,5
545852,14,13,14,2,2,2
545860,14,13,14,10,8,6
545911,14,13,14,4,4,7
545912,14,13,14,11,5,4
545913,14,13,14,12,5,4
546100,14,13,14,1,1,1
546200,14,13,14,1,1,1
546300,14,13,14,1,1,1
546400,14,13,14,1,1,1
546500,14,13,14,1,1,1
546600,14,13,14,1,1,1
546700,14,13,14,1,1,1
546801,14,13,14,1,1,1
546802,14,13,14,1,1,1
546901,14,13,14,1,1,1
546902,14,13,14,1,1,1
547001,14,13,14,1,1,1
547002,14,13,14,1,1,1
547100,14,13,14,1,1,1
547200,14,13,14,1,1,1
547300,14,13,14,1,1,1
547400,14,13,14,1,1,1
547600,14,13,14,2,2,2
547700,14,13,14,2,2,2
547800,14,13,14,2,2,2
547900,14,13,14,2,2,2
548000,14,13,14,2,2,2
548100,14,13,14,2,2,2
548200,14,13,14,2,2,2
548300,14,13,14,2,2,2
548400,14,13,14,2,2,2
548500,14,13,14,2,2,2
548611,14,13,14,2,2,2
548612,14,13,14,2,2,2
548620,14,13,14,2,2,2
548810,14,13,14,2,2,2
548821,14,13,14,2,2,2
548822,14,13,14,2,2,2
548831,14,13,14,2,2,2
548832,14,13,14,2,2,2
548833,14,13,14,2,2,2
549000,14,13,14,13,9,8
549100,14,13,14,13,9,8
549200,14,13,14,13,9,8
549400,14,13,14,13,9,8
549500,14,13,14,13,9,8
549601,14,13,14,13,9,8
549602,14,13,14,13,9,8
549800,15,10,15,1,2,1
549901,15,10,15,2,3,1
549902,16,14,15,1,1,1
550101,15,10,15,1,2,1
550102,15,10,15,1,2,1
550200,15,10,15,1,2,2
550500,15,10,15,1,2,2
550600,17,15,16,1,1,1
550700,17,15,16,1,1,1
550800,17,15,16,2,2,2
550901,17,15,16,1,1,1
550902,17,15,16,1,1,1
551012,17,15,16,2,2,2
551013,17,15,16,1,1,1
551014,17,15,16,1,1,1
551021,17,15,16,2,2,2
551022,17,15,16,2,2,2
551023,17,15,16,2,2,2
551024,17,15,16,2,2,2
551030,17,15,16,3,3,2
551111,17,15,16,1,1,1
551112,17,15,16,3,3,3
551120,17,15,16,3,3,4
551301,17,15,16,1,1,1
551302,17,15,16,1,1,1
551400,17,15,16,2,2,2
551501,17,15,16,2,2,2
551502,17,15,16,2,2,2
551503,17,15,16,2,2,2
551600,17,15,16,2,2,2
551700,17,15,16,2,2,2
551800,17,15,16,2,2,2
551900,17,15,16,2,2,2
552001,17,15,16,2,2,2
552002,17,15,16,2,2,2
552100,17,15,16,2,2,2
552200,17,15,16,2,2,2
552300,17,15,16,2,2,2
552400,17,15,16,2,2,2
552500,17,15,16,2,2,2
552701,17,15,16,4,4,5
552702,17,15,16,4,4,5
552800,17,15,16,4,4,5
552900,17,15,16,5,5,6
553001,17,15,16,6,6,7
553002,17,15,16,5,6,6
553003,17,15,16,5,5,6
553004,17,15,16,5,5,6
553101,17,15,16,5,5,6
553102,17,15,16,5,5,6
553200,17,15,16,7,7,4
553301,17,15,16,7,7,4
553302,17,15,16,7,7,4
553400,17,15,16,5,5,6
553500,17,15,16,5,5,6
553601,17,15,16,5,5,6
553700,17,15,16,8,8,8
553800,17,15,16,9,8,8
553900,17,15,16,9,8,8
554010,17,15,16,9,8,8
554020,17,15,16,9,8,8
554111,17,15,16,9,8,8
554113,17,15,16,9,8,8
554114,17,15,16,9,8,8
554115,17,15,16,9,8,8
554120,17,15,16,9,8,8
554130,17,15,16,9,8,8
554300,18,16,15,1,1,3
554400,17,15,16,10,9,8
554500,18,16,15,1,1,3
554700,17,15,16,10,8,8
554800,18,16,15,1,1,3
554900,7,16,15,9,2,4
555000,7,16,15,9,2,4
555100,7,16,15,9,2,4
555200,18,16,15,2,3,3
555300,18,16,15,3,3,3
555400,18,16,15,4,4,3
555700,18,16,15,5,3,3
555800,18,16,15,5,3,3
555900,18,16,15,5,3,3
556000,18,16,15,5,3,3
556100,18,16,15,5,3,3
556200,18,16,15,5,3,3
556300,18,16,15,5,3,3
556400,18,16,15,5,3,3
556500,18,16,15,2,3,3
556600,18,16,15,2,3,3
556700,18,16,15,2,3,3
556800,18,16,15,6,3,3
556900,18,16,15,2,3,3
557000,18,16,15,5,3,3
557100,18,16,15,2,3,3
557200,18,16,15,2,3,3
557300,18,16,15,6,3,3
557400,18,16,15,6,3,3
557500,18,16,15,2,3,3
557600,18,16,15,6,3,3
557700,18,16,15,2,3,3
557800,18,16,15,7,3,3
557900,18,16,15,2,3,3
558100,18,16,15,7,3,3
558200,18,16,15,7,3,3
558300,18,16,15,8,5,3
558500,15,16,15,3,6,4
558600,15,16,15,4,7,4
558700,15,16,15,4,7,4
558800,18,16,15,5,3,3
558900,15,10,15,5,1,5
559000,15,16,15,4,7,4
559210,15,16,15,4,7,4
559220,15,16,15,4,7,4
559230,15,10,15,5,1,5
559240,18,10,15,5,1,3
559400,15,16,15,4,7,4
559500,15,10,15,5,1,5
559700,15,10,15,6,4,6
560000,15,10,15,7,4,6
560200,15,10,15,8,5,7
560301,15,10,15,9,6,7
560302,15,10,15,9,6,7
560411,15,10,15,6,4,6
560412,15,10,15,6,4,6
560421,15,10,15,6,4,6
560422,15,10,15,6,4,6
560710,15,10,15,6,4,6
560720,15,10,15,6,4,6
560730,15,10,15,6,4,6
560740,15,10,15,6,4,6
560900,15,10,15,5,1,5
561000,15,10,15,10,7,8
561100,15,10,15,10,6,7
561200,15,10,15,8,7,9
561300,15,10,15,11,8,9
561410,15,10,15,6,4,6
561421,15,10,15,5,1,5
561422,15,10,15,10,7,8
561500,15,10,15,11,8,9
561700,15,10,15,11,8,9
561811,15,10,15,8,6,7
561812,15,10,15,8,6,7
561813,15,10,15,8,6,7
561820,15,10,15,8,5,10
561901,15,10,15,12,9,11
561902,15,10,15,8,6,7
562100,15,10,15,8,6,7
562200,15,10,15,8,6,7
562310,15,10,15,8,6,7
562320,15,10,15,8,6,7
562401,15,10,15,8,6,7
562402,15,10,15,8,6,7
562500,15,10,15,8,6,7
562600,15,10,15,8,6,7
562710,15,10,15,8,6,7
562720,15,10,15,8,6,7
562800,15,10,15,8,6,7
562910,15,10,15,8,6,7
562921,15,10,15,8,6,7
562922,15,10,15,8,6,7
563000,15,10,15,8,6,7
563101,15,10,15,8,6,7
563102,15,10,15,8,6,7
563200,15,10,15,8,6,7
563300,15,10,15,8,6,7
563500,15,10,15,11,8,9
563600,15,10,15,11,8,9
563701,16,14,17,2,2,1
563703,16,14,17,2,2,1
563704,16,14,17,2,2,1
563705,16,14,17,2,2,1
563706,16,14,17,2,2,1
563801,15,10,15,8,5,10
563802,15,10,15,13,10,12
563920,16,14,17,2,2,1
564011,15,10,15,11,8,9
564012,15,10,15,11,8,9
564013,15,10,15,11,8,9
564021,15,10,15,11,8,9
564022,16,14,17,2,2,1
564023,16,14,17,2,2,1
564210,15,10,15,11,8,9
564220,15,10,15,11,8,9
564231,15,10,15,11,8,9
564232,15,10,15,11,8,9
564240,15,10,15,11,8,9
564400,16,14,17,2,2,1
564510,16,14,17,3,3,2
564520,16,14,17,3,3,2
564530,16,14,17,3,3,2
564601,16,14,17,4,4,3
564602,16,14,17,3,3,2
564800,16,14,17,5,5,2
564900,16,14,17,5,5,2
565000,16,14,17,5,5,2
565100,16,14,17,5,5,2
565200,16,14,17,5,5,2
565300,16,14,17,5,5,2
565400,16,14,17,5,5,2
565601,16,14,17,4,4,3
565602,16,14,17,4,4,3
565603,16,14,17,4,4,3
565604,16,14,17,4,4,3
565700,16,14,17,4,4,3
565901,16,14,17,2,2,1
565902,16,14,17,2,2,1
565903,16,14,17,2,2,1
566000,16,14,17,2,2,1
566101,16,14,17,2,2,1
566102,16,14,17,2,2,1
566200,16,14,17,2,2,1
566301,16,14,17,6,2,1
566302,16,14,17,2,2,1
566500,16,14,17,3,3,2
566610,16,14,17,3,3,2
566620,16,14,17,3,3,2
566700,16,14,17,3,3,2
566800,16,14,17,3,3,2
566900,16,14,17,3,3,2
567000,16,14,17,3,3,2
567100,16,14,17,3,3,2
567200,16,14,17,3,3,2
567300,16,14,17,3,3,2
567400,16,14,17,3,3,2
567500,16,14,17,3,3,2
567600,16,14,17,3,3,2
567700,16,14,17,3,3,2
567800,16,14,17,3,3,2
567901,16,14,17,3,3,2
567902,16,14,17,3,3,2
568101,16,14,17,5,5,2
568102,16,14,17,5,5,2
568103,16,14,17,5,5,2
568104,16,14,17,5,5,2
568201,16,14,17,5,5,2
568202,16,14,17,5,5,2
568301,16,14,17,5,5,2
568302,16,14,17,5,5,2
568303,16,14,17,5,5,2
568401,16,14,17,5,5,2
568402,16,14,17,5,5,2
568501,16,14,17,5,5,2
568502,16,14,17,5,5,2
568601,16,14,17,5,5,2
568602,16,14,17,5,5,2
568701,16,14,17,5,5,2
568702,16,14,17,5,5,2
568800,16,14,17,5,5,2
568900,16,14,17,5,5,2
569001,16,14,17,5,5,2
569002,16,14,17,5,5,2
569100,16,14,17,5,5,2
569201,16,14,17,5,5,2
569202,16,14,17,5,5,2
569301,16,14,17,5,5,2
569302,16,14,17,5,5,2
569401,16,14,17,5,5,2
569402,16,14,17,5,5,2
569500,16,14,17,5,5,2
569600,16,14,17,5,5,2
569800,16,14,17,5,5,2
569900,16,14,17,5,5,2
570000,16,14,17,5,5,2
570100,16,14,17,5,5,2
570300,16,14,17,5,5,2
570400,16,14,17,4,4,3
570500,16,14,17,4,4,3
570600,16,14,17,4,4,3
570700,16,14,17,4,4,3
570800,16,14,17,4,4,3
570900,16,14,17,4,4,3
571000,16,14,17,4,4,3
571100,16,14,17,4,4,3
571200,16,14,17,4,4,3
571300,16,14,17,4,4,3
571400,16,14,17,4,4,3
571501,16,14,17,4,4,3
571502,16,14,17,4,4,3
571600,16,14,17,4,4,3
571800,16,14,17,4,4,3
571900,16,14,17,4,4,3
572000,16,14,17,4,4,3
572100,16,14,17,4,4,3
572200,16,14,17,4,4,3
572300,16,10,18,4,1,1
572500,16,14,17,4,4,3
572600,16,14,17,4,4,3
572701,16,14,17,4,4,3
572702,16,14,17,4,4,3
572900,16,14,17,7,6,4
573000,16,14,17,7,6,4
573101,16,14,17,7,6,4
573200,16,14,17,7,6,4
573300,16,14,17,7,6,4
573400,16,14,17,7,6,4
573511,16,14,17,7,6,4
573513,16,14,17,7,6,4
573514,16,14,17,7,6,4
573522,16,14,17,4,4,3
573523,16,14,17,7,6,4
573524,16,14,17,7,6,4
573525,16,14,17,4,4,3
573526,16,14,17,5,5,2
573600,16,14,17,7,6,4
573700,16,14,17,7,6,4
573801,16,14,17,7,6,4
573802,16,14,17,7,6,4
573901,16,14,17,7,6,4
573902,16,14,17,7,6,4
573903,16,14,17,7,6,4
574001,16,14,17,7,6,4
574002,16,14,17,4,4,3
574100,16,14,17,7,6,4
574200,16,14,17,7,6,4
574302,16,14,17,7,6,4
574303,16,14,17,5,4,3
574304,16,14,17,7,6,4
574401,16,14,17,7,6,4
574402,16,14,17,7,6,4
574500,16,14,17,7,4,3
574600,16,14,17,7,6,4
574701,16,14,17,7,6,4
574702,16,14,17,7,6,4
574703,16,14,17,7,6,4
574800,16,14,17,7,6,4
574900,16,14,17,7,6,4
575000,16,14,17,7,6,4
575100,16,14,17,7,6,4
575200,16,14,17,7,6,4
575300,16,14,17,7,6,4
575400,16,14,17,7,6,4
575500,16,14,17,7,6,4
575600,16,14,17,7,6,4
575701,16,14,17,7,6,4
575702,16,14,17,7,6,4
575800,16,14,17,7,6,4
575901,16,14,17,7,6,4
575902,16,14,17,7,6,4
576001,16,14,17,7,6,4
576002,16,14,17,7,6,4
576100,16,14,17,7,6,4
576200,16,14,17,7,6,4
576301,16,14,17,7,6,4
576302,16,14,17,7,6,4
576400,16,14,17,7,6,4
576500,16,14,17,7,6,4
576600,16,14,17,7,6,4
576700,16,14,17,7,6,4
576800,16,14,17,7,6,4
576901,16,14,17,7,6,4
576903,16,14,17,7,6,4
577000,16,14,17,7,6,4
577101,16,14,17,7,6,4
577102,16,14,17,7,6,4
577200,16,14,17,7,6,4
577301,16,14,17,7,6,4
577302,16,14,17,7,6,4
577400,16,14,17,7,6,4
577500,16,14,17,7,6,4
577601,16,14,17,7,6,4
577602,16,14,17,7,6,4
577700,16,14,17,7,4,4
577900,15,10,15,14,11,2
578000,15,10,15,14,11,2
578100,19,10,15,1,11,2
578200,19,10,15,1,11,2
578301,19,17,19,2,1,1
578302,19,17,19,3,2,2
578401,19,17,19,4,3,3
578402,19,17,19,5,4,4
578600,19,17,19,3,2,2
578700,19,17,19,3,2,2
578800,19,17,19,3,2,2
578901,19,17,19,3,2,2
578902,19,17,19,3,2,2
579000,19,17,19,3,2,2
579100,19,17,19,3,2,2
579200,19,17,19,3,2,2
579400,19,17,19,3,2,2
579501,19,17,19,6,5,5
579502,19,17,19,6,5,5
579700,19,17,19,6,5,5
579802,19,17,19,7,6,6
579803,19,17,19,8,7,6
579900,19,17,19,8,7,7
580000,19,17,19,8,7,6
580100,19,17,19,8,7,6
580200,20,18,20,1,1,1
580300,20,18,20,2,2,2
580410,20,18,20,3,3,3
580420,20,18,20,4,4,4
580431,20,18,20,5,5,5
580432,20,18,20,6,4,6
580442,20,18,20,7,6,7
580446,20,18,20,1,1,1
580447,20,18,20,2,2,8
580448,20,18,20,8,5,5
580449,20,18,20,9,2,2
580450,20,18,20,2,7,9
580451,20,18,20,10,8,10
580452,20,18,20,4,9,11
580600,21,19,21,1,1,1
580801,20,18,20,10,8,12
580802,20,18,20,10,8,12
580900,22,20,22,1,1,1
581100,20,18,20,7,6,7
581210,20,18,20,6,4,6
581220,20,18,20,6,4,6
581230,20,18,20,6,4,6
581240,20,18,20,6,4,6
581250,20,18,20,6,4,6
581260,20,18,20,6,4,6
581400,22,21,22,2,1,2
581500,22,21,22,2,1,2
581601,21,19,21,2,1,2
581602,21,19,21,2,1,2
581713,21,19,21,3,2,3
581715,21,19,21,3,3,4
581717,21,19,21,4,3,5
581720,21,19,21,4,3,5
581721,21,NA,21,4,NA,4
581723,21,19,21,3,2,4
581724,21,19,21,4,3,6
581725,NA,NA,21,NA,NA,3
581726,21,19,21,4,3,5
581811,21,19,21,4,3,5
581812,21,19,21,3,4,3
581822,21,19,21,4,3,5
581823,21,19,21,4,3,5
581825,21,19,21,5,5,7
581832,21,19,21,6,6,8
581833,21,19,21,6,6,8
581834,21,19,21,4,3,5
581836,21,19,21,4,5,7
581841,21,19,21,1,7,1
581842,21,19,21,1,7,9
581843,21,19,21,1,7,9
581844,21,19,21,1,7,1
581850,21,19,21,6,6,8
582000,21,19,21,3,2,3
582100,21,19,21,3,2,3
582200,21,19,21,3,2,3
582300,21,19,21,3,2,3
582401,21,19,21,3,2,3
582402,21,19,21,3,2,3
582500,21,19,21,3,2,3
582600,21,19,21,3,2,3
582700,21,19,21,3,2,3
582800,21,19,21,3,2,3
582900,21,19,21,3,2,3
583000,21,19,21,3,2,4
583100,21,19,21,3,2,3
583201,21,19,21,3,2,3
583202,21,19,21,3,2,3
583300,21,19,21,3,2,3
583400,21,19,21,3,2,3
583500,21,19,21,3,2,4
583600,21,19,21,3,2,4
583700,21,19,21,3,2,4
583800,21,19,21,3,2,4
583900,21,19,21,3,2,4
584000,21,19,21,3,2,4
584201,21,19,21,4,3,5
584202,21,19,21,4,3,5
584301,21,19,21,6,6,8
584303,21,19,21,6,6,8
584305,21,19,21,3,2,4
584402,23,22,23,1,1,1
584403,23,22,23,2,2,2
584404,23,22,23,2,2,2
584405,23,22,23,2,2,2
584407,23,22,23,1,1,1
584408,23,22,23,2,2,2
584409,23,22,23,2,2,2
584410,23,22,23,2,2,2
584411,23,22,23,3,3,3
584412,23,22,23,4,4,4
584500,23,22,23,2,2,2
584600,23,22,23,4,4,4
584701,23,22,23,4,4,4
584702,23,22,23,4,4,4
584703,23,19,21,5,7,9
584800,23,22,23,6,5,5
584911,23,22,23,6,5,5
584912,23,22,23,6,5,5
584922,23,22,23,7,5,5
584923,23,22,23,6,5,5
584930,23,22,23,6,5,5
584931,23,22,23,3,3,3
584932,23,22,23,6,5,5
584933,23,22,23,7,6,6
584934,23,22,23,7,5,5
584935,23,22,23,6,5,5
584936,23,22,23,7,5,5
584937,23,22,23,7,6,7
584938,23,22,23,7,6,7
584939,23,22,23,8,7,8
584940,23,22,23,9,8,9
585000,23,22,23,6,5,5
585110,23,22,23,6,5,5
585120,23,22,23,6,5,5
585130,23,22,23,6,5,5
585140,23,22,23,6,5,5
585306,23,22,23,8,7,5
585307,23,22,23,10,9,10
585309,23,22,23,10,9,10
585311,23,22,23,11,10,11
585312,23,22,23,11,10,12
585313,23,22,23,12,10,12
585314,23,22,23,8,7,5
585315,23,22,23,8,7,13
585316,23,22,23,10,9,10
585317,23,22,23,10,9,10
585318,23,22,23,10,9,10
585319,23,22,23,10,9,10
585320,23,22,23,13,11,14
585321,23,22,23,11,10,12
585322,23,22,23,11,10,12
585323,23,22,23,12,10,12
585324,23,22,23,12,12,12
585325,23,22,23,12,12,15
585400,23,22,23,10,9,10
585502,22,21,22,1,2,3
585504,22,21,22,3,3,4
585505,22,21,22,4,4,4
585506,22,21,22,4,5,1
585601,22,21,22,5,6,5
585602,22,21,22,5,6,5
585700,24,23,24,1,1,1
585802,24,23,24,1,1,1
585803,24,23,24,1,1,1
585805,24,23,24,2,1,1
585806,24,23,24,2,1,1
585807,24,23,24,2,1,1
585808,24,23,24,2,1,1
586001,24,23,24,3,1,1
586002,24,23,24,2,1,1
586112,24,23,24,2,1,1
586114,24,23,24,2,1,1
586115,24,23,24,2,1,1
586120,24,23,24,2,1,1
586121,24,23,24,2,1,1
586122,24,23,24,2,1,1
586124,24,23,24,2,1,1
586126,24,23,24,2,1,1
586127,24,23,24,2,1,1
586128,24,23,24,2,1,1
586129,24,23,24,2,1,1
586130,24,23,24,2,1,1
586303,24,23,24,2,1,1
586304,24,23,24,2,1,1
586305,24,23,24,2,1,1
586306,24,23,24,2,1,1
586307,24,23,24,2,1,1
586308,24,23,24,2,1,1
586403,24,23,24,2,1,1
586404,24,23,24,2,1,1
586405,24,23,24,2,1,1
586407,24,23,24,2,1,1
586408,24,23,24,2,1,1
586409,24,23,24,2,1,1
586501,24,23,24,2,1,1
586503,24,23,24,2,1,1
586504,24,23,24,2,1,1
586603,24,23,24,2,1,1
586604,24,23,24,2,1,1
586605,24,23,24,2,1,1
586606,24,23,24,2,1,1
586801,24,23,24,2,1,1
586802,24,23,24,2,1,1
586900,24,23,24,4,2,2
587010,24,23,24,4,2,2
587020,24,23,24,5,3,3
587100,24,23,24,4,2,2
587302,24,23,24,5,3,3
587303,24,23,24,5,3,3
587304,24,23,24,5,3,3
587400,24,23,24,5,3,3
587500,24,23,24,5,3,3
587701,24,23,24,5,3,3
587702,24,23,24,5,3,3
587811,24,23,24,3,4,4
587812,24,23,24,5,3,3
587821,24,23,24,5,3,3
587822,24,23,24,5,3,3
587830,24,23,24,5,3,3
587842,24,23,24,5,3,5
587844,24,23,24,6,3,5
587845,24,23,24,5,3,5
587846,24,23,24,6,3,5
587847,24,23,24,6,3,5
587848,24,23,24,5,3,3
587849,24,23,24,5,3,3
587902,24,23,24,3,4,4
587903,24,23,24,5,3,5
587904,24,23,24,5,3,3
587905,24,23,24,5,3,3
588101,24,23,24,3,4,4
588102,24,23,24,3,4,4
588200,24,23,24,3,4,4
588300,24,23,24,3,4,4
588401,24,23,24,3,4,4
588402,24,23,24,3,4,4
588500,24,23,24,3,4,4
588600,24,23,24,3,4,4
588700,24,23,24,3,4,4
588800,24,23,24,3,4,4
588900,24,23,24,3,4,4
589000,24,23,24,3,4,4
589100,24,23,24,3,4,4
589200,24,23,24,3,4,4
589300,24,23,24,7,5,4
589400,24,23,24,3,4,4
589500,24,23,24,3,4,4
589601,24,23,24,3,4,4
589602,24,23,24,3,4,4
589700,24,23,24,3,4,4
589800,24,23,24,3,4,4
589900,24,23,24,3,4,4
590000,24,23,24,3,4,4
590100,24,23,24,3,4,4
590200,24,23,24,3,4,4
590300,24,23,24,6,3,5
590400,24,23,24,2,4,4
590501,24,23,24,7,5,6
590504,24,23,24,7,5,6
590505,24,23,24,7,5,6
590506,24,23,24,3,4,4
590507,24,23,24,3,1,1
590602,24,23,24,7,5,6
590603,24,23,24,7,5,6
590604,24,23,24,2,1,1
590701,24,23,24,3,4,4
590702,24,23,24,3,4,4
590800,24,23,24,3,4,4
590900,24,23,24,6,3,5
591101,24,23,24,6,3,5
591102,24,23,24,6,5,5
591200,24,23,24,7,5,6
591300,24,23,24,7,5,6
591500,24,23,24,7,5,6
591600,24,23,24,7,5,4
591700,24,23,24,7,5,6
591800,24,23,24,3,4,4
591900,24,23,24,3,4,4
592000,24,23,24,3,4,4
592100,24,23,24,7,5,4
592200,24,23,24,7,5,4
592300,24,23,24,7,5,4
592401,24,23,24,7,5,4
592402,24,23,24,7,5,4
592500,24,23,24,7,5,4
592600,24,23,24,7,5,4
592701,24,23,24,7,5,4
592702,24,23,24,7,5,6
592811,24,23,24,7,5,6
592812,24,23,24,7,5,6
592820,24,23,24,7,5,6
592900,24,23,24,7,5,6
593000,24,23,24,7,5,6
593100,24,23,24,7,5,6
593200,24,23,24,7,5,6
593300,24,23,24,7,5,6
593400,24,23,24,7,5,6
593501,24,23,24,7,5,6
593502,24,23,24,7,5,6
593600,24,23,24,7,5,6
593700,24,23,24,7,5,6
593800,24,23,24,7,5,6
593900,24,23,24,7,5,6
594010,24,23,24,7,5,6
594020,24,23,24,7,5,6
594100,24,23,24,7,5,6
594200,24,23,24,7,5,6
594300,24,23,24,7,5,6
594400,24,23,24,6,5,6
594500,24,23,24,7,5,6
594600,24,23,24,6,5,6
594700,24,23,24,6,3,5
594800,24,23,24,6,3,5
594900,24,23,24,6,3,5
595000,24,23,24,6,3,5
595100,24,23,24,6,3,5
595200,24,23,24,6,3,5
595300,24,23,24,6,3,5
595400,24,23,24,6,3,5
595500,24,23,24,6,5,5
595600,24,23,24,7,5,6
595700,24,23,24,7,5,6
595800,24,23,24,7,5,6
595900,24,23,24,7,5,6
596000,24,23,24,7,5,6
596102,24,23,24,7,5,6
596200,24,23,24,7,5,6
596400,24,23,24,7,5,6
596502,24,23,24,8,6,7
596503,24,23,24,8,6,7
596504,NA,NA,24,NA,NA,7
596600,24,23,24,8,6,7
596800,25,24,24,1,1,7
596901,25,24,24,2,2,7
596902,25,24,24,3,3,7
597000,26,25,25,1,1,1
597101,24,23,24,9,6,7
597200,24,23,24,5,3,3
597300,24,23,24,10,2,3
597400,24,23,24,10,2,3
597503,24,23,24,10,2,3
597506,24,23,24,10,2,3
597507,24,23,24,5,3,3
597508,24,23,24,5,3,3
597509,24,23,24,5,3,3
597510,24,23,24,5,3,3
597512,24,23,24,5,3,3
597513,24,23,24,5,3,3
597600,27,26,26,1,1,1
597712,27,26,26,2,2,2
597713,27,26,26,3,3,2
597714,27,26,26,4,4,2
597715,27,26,26,4,4,2
597720,27,26,26,1,1,1
597730,27,26,26,5,5,3
597741,27,26,26,6,6,2
597742,27,26,26,6,6,2
597811,27,26,26,4,4,2
597812,27,26,26,4,4,2
597820,27,26,26,4,4,2
597830,27,26,26,4,4,2
597840,27,26,26,4,4,2
597850,27,26,26,4,4,2
597860,27,26,26,4,4,2
598000,28,27,26,1,1,4
598201,28,27,26,2,2,5
598202,28,27,26,2,2,5
598311,28,27,26,3,1,4
598312,28,27,26,1,1,4
598313,28,27,26,4,3,5
598314,28,27,26,2,2,5
598320,28,27,26,4,3,5
598500,28,27,26,1,1,4
598600,28,27,26,1,1,4
598700,28,27,26,2,2,5
598800,28,27,26,2,2,5
598900,28,27,26,2,2,5
599000,28,27,26,2,2,5
599100,28,27,26,2,2,5
599200,28,27,26,2,2,5
599300,28,27,26,2,2,5
599400,28,27,26,2,2,5
599500,28,27,26,2,2,5
599600,28,27,26,2,2,5
599700,28,27,26,2,2,5
599800,28,27,26,2,2,5
599900,28,27,26,2,2,5
600100,28,27,26,5,4,6
600200,28,27,26,5,4,6
600312,28,27,26,5,4,6
600320,28,27,26,5,4,6
600323,28,27,26,5,4,6
600410,28,27,26,6,5,7
600420,28,27,26,2,2,5
600500,28,27,26,6,5,7
600600,28,27,26,7,6,8
600811,28,27,26,7,6,8
600812,28,27,26,7,6,8
600813,28,27,26,7,6,8
600822,28,27,26,8,7,6
600824,28,27,26,8,7,6
600826,28,27,26,7,6,8
600827,28,27,26,8,7,6
600828,28,27,26,7,6,8
600830,28,27,26,8,7,6
600831,28,27,26,8,7,6
600840,28,27,26,8,6,8
601010,28,27,26,7,6,8
601020,28,27,26,7,6,8
601030,28,27,26,7,6,8
601040,28,27,26,7,6,8
601200,29,28,27,1,1,1
601301,29,28,27,1,1,1
601302,29,28,27,2,2,2
601400,29,28,27,1,1,1
601500,29,28,27,3,3,3
601602,29,28,27,1,4,1
601603,29,28,27,1,1,1
601604,29,28,27,1,1,1
601605,29,28,27,1,4,1
601700,29,28,27,1,1,1
601900,29,28,27,4,5,4
602000,29,28,27,4,5,4
602100,29,28,27,4,5,4
602200,29,28,27,5,6,5
602300,29,28,27,2,2,2
602411,29,28,27,5,6,5
602412,29,28,27,5,6,5
602421,29,28,27,3,4,6
602422,29,28,27,5,5,4
602500,29,28,27,5,6,5
602600,29,28,27,2,2,2
602800,29,28,27,4,5,4
602900,29,28,27,6,4,6
603000,29,28,27,6,4,6
603100,29,28,27,6,4,6
603210,29,28,27,6,4,6
603220,29,28,27,6,4,6
603300,29,28,27,6,4,6
603400,29,28,27,6,4,6
603500,29,28,27,6,4,6
603601,29,28,27,6,4,6
603602,29,28,27,6,4,6
603710,29,28,27,6,4,6
603720,29,28,27,6,4,6
603810,29,28,27,6,4,6
603820,29,28,27,6,4,6
603910,29,28,27,6,4,6
603920,29,28,27,6,4,6
603930,29,28,27,4,5,6
604010,29,28,27,6,4,6
604020,29,28,27,6,4,6
604110,29,28,27,6,4,6
604120,29,28,27,6,4,6
604130,29,28,27,4,5,6
604210,29,28,27,4,5,4
604221,29,28,27,4,5,4
604222,29,28,27,6,4,4
604300,29,28,27,4,5,4
604410,29,28,27,4,5,4
604420,29,28,27,4,5,4
604500,29,28,27,4,5,4
604611,29,28,27,6,4,6
604612,29,28,27,6,4,6
604620,29,28,27,6,4,6
604710,29,28,27,6,4,6
604720,29,28,27,6,4,6
604810,29,28,27,6,4,6
604821,29,28,27,6,4,6
604822,29,28,27,6,4,6
604830,29,28,27,7,7,6
604901,29,28,27,7,7,6
604902,29,28,27,7,7,6
605100,29,28,27,3,3,3
605200,29,28,27,3,3,3
605400,29,28,27,4,5,4
605500,29,28,27,4,5,4
605600,29,28,27,4,5,4
605800,29,28,27,4,5,4
605910,29,28,27,4,5,4
605920,29,28,27,4,5,4
606100,29,28,27,5,6,5
606210,29,28,27,5,6,5
606220,29,28,27,5,6,5
606300,29,28,27,5,6,5
606500,29,28,27,8,8,7
606600,29,28,27,8,8,7
606700,29,28,27,8,8,7
606800,29,28,27,8,8,7
606900,29,28,27,8,8,7
607000,29,28,27,8,8,7
607100,29,28,27,8,8,7
607200,29,28,27,8,8,7
607300,29,28,27,8,8,7
607400,29,28,27,8,8,7
607501,30,29,28,1,1,1
607502,31,28,27,1,9,8
607600,31,28,27,1,9,8
607700,31,28,27,1,9,8
607800,30,29,28,1,1,1
607900,30,29,28,2,2,2
608000,30,29,28,2,2,2
608100,30,29,28,2,2,2
608302,30,29,28,3,3,3
608303,30,29,28,3,3,3
608304,30,29,28,4,4,4
608500,30,29,28,3,3,3
608600,30,29,28,5,5,3
608700,30,29,28,6,6,5
608800,30,29,28,4,4,4
609011,31,30,29,2,1,1
609013,30,29,28,7,7,6
609014,30,29,28,8,7,7
609022,30,29,28,6,6,5
609023,30,29,28,6,6,5
609027,30,29,28,6,6,5
609028,30,29,28,6,6,5
609029,30,29,28,4,4,4
609031,30,29,28,6,6,5
609032,30,29,28,6,6,5
609033,30,29,28,6,6,5
609034,30,29,28,6,6,5
609035,30,29,28,6,6,5
609200,30,29,28,6,6,5
609302,30,29,28,6,6,5
609303,30,29,28,6,6,5
609304,30,29,28,6,6,5
609400,31,30,29,3,2,2
609500,31,30,29,3,2,2
609600,31,30,29,3,2,2
609700,31,30,29,4,3,3
609800,31,30,29,4,3,3
609911,31,30,29,5,4,4
609912,31,30,29,5,5,4
609913,31,30,29,5,5,4
609914,31,30,29,5,5,4
609921,31,30,29,5,5,4
609922,31,30,29,5,5,4
610010,31,30,29,6,6,5
610020,31,30,29,3,2,2
610031,31,30,29,3,2,2
610032,31,30,29,6,6,5
610033,31,30,29,6,6,5
610040,31,30,29,7,7,6
610051,31,30,29,8,4,7
610052,31,30,29,8,5,4
610061,31,30,29,4,3,3
610062,31,30,29,5,5,4
610072,31,30,29,4,3,8
610073,31,30,29,4,3,8
610074,31,30,29,5,5,4
610075,31,30,29,5,5,4
610080,31,30,29,9,3,3
610090,31,30,29,8,5,4
610210,31,30,29,6,6,5
610220,31,30,29,6,6,5
610230,31,30,29,6,6,5
610240,31,30,29,6,6,5
610250,31,30,29,6,6,5
610400,31,30,29,6,6,5
610500,31,30,29,7,7,6
610601,31,30,29,5,5,4
610602,31,30,29,5,5,4
610700,31,30,29,5,5,4
610800,31,30,29,5,5,4
610900,31,30,29,5,5,4
611001,31,30,29,5,5,4
611002,31,30,29,5,5,4
611100,31,30,29,5,5,4
611210,31,30,29,5,5,4
611220,31,30,29,5,5,4
611300,31,30,29,5,5,4
611400,31,30,29,5,5,4
611500,31,30,29,5,5,4
611601,31,30,29,5,5,4
611602,31,30,29,5,5,4
611700,31,30,29,5,5,4
611800,31,30,29,5,5,4
611900,31,30,29,5,5,4
612100,31,30,29,10,8,9
612200,31,30,29,11,9,10
612300,31,30,29,11,9,10
612400,31,30,29,2,1,1
612500,31,30,29,12,9,10
612600,31,30,29,12,9,10
612712,31,30,29,2,1,1
612713,31,30,29,3,2,1
612714,31,30,29,2,1,1
612720,31,30,29,11,9,10
612730,31,30,29,12,9,10
612740,31,30,29,12,9,10
612801,31,30,29,12,9,10
612802,31,30,29,12,9,10
612901,31,30,29,2,1,1
613000,31,30,29,10,10,9
615900,NA,3,NA,NA,4,NA
616001,NA,4,5,NA,3,3
616200,NA,NA,5,NA,NA,3
616300,3,3,3,2,1,4
619302,8,8,7,2,4,6
626500,NA,NA,29,NA,NA,9
626700,NA,NA,29,NA,NA,10
626801,31,30,29,10,8,9
