year,ur_lma,ur_sub_lma,wp_lma,wp_sub_lma,flow
2001,1,1,1,1,2787
2001,1,1,1,2,45
2001,1,1,1,5,6
2001,1,1,1,7,12
2001,1,1,1,10,15
2001,1,1,2,5,33
2001,1,2,1,1,426
2001,1,2,1,2,915
2001,1,2,1,4,9
2001,1,2,1,7,9
2001,1,2,1,10,9
2001,1,2,2,5,9
2001,1,3,1,1,36
2001,1,3,1,3,84
2001,1,4,1,1,9
2001,1,4,1,2,27
2001,1,4,1,4,594
2001,1,4,1,7,138
2001,1,4,1,8,9
2001,1,4,1,9,6
2001,1,4,1,10,18
2001,1,4,2,5,12
2001,1,5,1,1,33
2001,1,5,1,2,6
2001,1,5,1,5,321
2001,1,5,1,6,21
2001,1,5,1,7,12
2001,1,5,1,10,18
2001,1,6,1,6,594
2001,1,6,1,7,18
2001,1,6,1,8,6
2001,1,6,1,10,111
2001,1,6,2,5,9
2001,1,7,1,1,12
2001,1,7,1,2,6
2001,1,7,1,4,78
2001,1,7,1,6,6
2001,1,7,1,7,2940
2001,1,7,1,8,111
2001,1,7,1,9,171
2001,1,7,1,10,228
2001,1,7,2,5,51
2001,1,8,1,1,6
2001,1,8,1,7,75
2001,1,8,1,8,1296
2001,1,8,1,9,138
2001,1,8,1,10,51
2001,1,8,2,1,12
2001,1,8,2,3,9
2001,1,8,2,5,63
2001,1,9,1,7,132
2001,1,9,1,8,90
2001,1,9,1,9,783
2001,1,9,1,10,39
2001,1,9,2,5,15
2001,1,10,1,1,9
2001,1,10,1,4,6
2001,1,10,1,6,21
2001,1,10,1,7,114
2001,1,10,1,8,108
2001,1,10,1,9,36
2001,1,10,1,10,1530
2001,1,10,2,5,27
2001,2,1,1,8,6
2001,2,1,2,1,711
2001,2,1,2,2,12
2001,2,1,2,3,9
2001,2,1,2,4,18
2001,2,1,2,5,681
2001,2,2,2,2,1401
2001,2,2,2,4,30
2001,2,2,2,5,474
2001,2,2,2,6,6
2001,2,2,2,7,48
2001,2,2,2,8,6
2001,2,2,3,2,9
2001,2,2,3,3,9
2001,2,2,3,4,15
2001,2,3,1,8,6
2001,2,3,2,1,24
2001,2,3,2,2,21
2001,2,3,2,3,702
2001,2,3,2,4,6
2001,2,3,2,5,771
2001,2,3,3,2,9
2001,2,4,2,1,24
2001,2,4,2,2,33
2001,2,4,2,4,660
2001,2,4,2,5,741
2001,2,4,2,6,15
2001,2,5,1,1,24
2001,2,5,1,4,9
2001,2,5,1,7,15
2001,2,5,1,8,42
2001,2,5,1,9,9
2001,2,5,1,10,21
2001,2,5,2,1,132
2001,2,5,2,2,282
2001,2,5,2,3,105
2001,2,5,2,4,99
2001,2,5,2,5,14481
2001,2,5,2,6,78
2001,2,5,2,7,21
2001,2,5,2,8,12
2001,2,5,3,1,21
2001,2,5,3,2,45
2001,2,5,3,3,72
2001,2,5,3,4,51
2001,2,6,1,1,6
2001,2,6,1,10,9
2001,2,6,2,1,6
2001,2,6,2,4,6
2001,2,6,2,5,120
2001,2,6,2,6,3198
2001,2,6,2,7,33
2001,2,6,2,8,6
2001,2,6,3,2,12
2001,2,6,3,3,6
2001,2,6,3,4,6
2001,2,7,2,2,30
2001,2,7,2,5,63
2001,2,7,2,6,90
2001,2,7,2,7,2232
2001,2,7,2,8,207
2001,2,7,3,1,12
2001,2,7,3,2,12
2001,2,7,3,3,24
2001,2,7,3,4,6
2001,2,8,2,5,15
2001,2,8,2,7,63
2001,2,8,2,8,5421
2001,2,8,3,1,90
2001,2,8,3,2,594
2001,2,8,3,3,222
2001,2,8,3,4,120
2001,2,9,2,9,18
2001,2,10,2,10,27
2001,3,1,2,5,30
2001,3,1,2,7,6
2001,3,1,2,8,96
2001,3,1,3,1,39705
2001,3,1,3,2,4869
2001,3,1,3,3,23454
2001,3,1,3,4,9594
2001,3,1,3,5,18
2001,3,1,5,1,48
2001,3,1,5,2,9
2001,3,1,5,6,18
2001,3,1,6,1,6
2001,3,1,6,5,42
2001,3,2,2,2,6
2001,3,2,2,5,36
2001,3,2,2,6,6
2001,3,2,2,7,6
2001,3,2,2,8,279
2001,3,2,3,1,3117
2001,3,2,3,2,58440
2001,3,2,3,3,22140
2001,3,2,3,4,7275
2001,3,2,3,5,33
2001,3,2,5,1,63
2001,3,2,5,3,6
2001,3,2,5,5,6
2001,3,2,5,6,24
2001,3,2,6,5,66
2001,3,2,8,1,6
2001,3,3,2,5,33
2001,3,3,2,8,93
2001,3,3,3,1,5229
2001,3,3,3,2,4695
2001,3,3,3,3,73182
2001,3,3,3,4,20493
2001,3,3,3,5,45
2001,3,3,5,1,144
2001,3,3,5,2,9
2001,3,3,5,3,9
2001,3,3,5,4,9
2001,3,3,5,5,6
2001,3,3,5,6,66
2001,3,3,6,1,9
2001,3,3,6,5,102
2001,3,3,6,8,6
2001,3,3,8,1,6
2001,3,3,8,7,9
2001,3,3,10,6,9
2001,3,4,2,2,6
2001,3,4,2,5,33
2001,3,4,2,6,6
2001,3,4,2,7,6
2001,3,4,2,8,81
2001,3,4,3,1,2232
2001,3,4,3,2,2640
2001,3,4,3,3,24894
2001,3,4,3,4,104442
2001,3,4,3,5,27
2001,3,4,5,1,768
2001,3,4,5,2,75
2001,3,4,5,3,57
2001,3,4,5,4,87
2001,3,4,5,5,30
2001,3,4,5,6,408
2001,3,4,5,7,36
2001,3,4,5,8,21
2001,3,4,6,1,30
2001,3,4,6,5,117
2001,3,4,6,7,9
2001,3,4,8,5,15
2001,3,4,8,8,6
2001,3,4,9,5,6
2001,3,4,10,4,12
2001,3,4,10,6,21
2001,3,4,10,8,6
2001,3,5,3,1,30
2001,3,5,3,2,69
2001,3,5,3,3,549
2001,3,5,3,4,87
2001,3,5,3,5,1749
2001,3,5,6,5,6
2001,4,1,3,2,6
2001,4,1,3,3,12
2001,4,1,4,1,303
2001,5,1,3,1,27
2001,5,1,3,2,21
2001,5,1,3,3,228
2001,5,1,3,4,1173
2001,5,1,5,1,2712
2001,5,1,5,2,129
2001,5,1,5,3,120
2001,5,1,5,4,75
2001,5,1,5,5,21
2001,5,1,5,6,189
2001,5,1,5,7,33
2001,5,1,5,8,24
2001,5,1,6,1,9
2001,5,1,6,5,15
2001,5,2,3,1,9
2001,5,2,3,2,9
2001,5,2,3,3,51
2001,5,2,3,4,255
2001,5,2,5,1,228
2001,5,2,5,2,447
2001,5,2,5,4,6
2001,5,2,5,6,60
2001,5,2,5,7,12
2001,5,3,3,1,9
2001,5,3,3,2,6
2001,5,3,3,3,45
2001,5,3,3,4,303
2001,5,3,5,1,339
2001,5,3,5,2,12
2001,5,3,5,3,507
2001,5,3,5,4,30
2001,5,3,5,6,21
2001,5,3,5,8,21
2001,5,4,3,3,63
2001,5,4,3,4,303
2001,5,4,5,1,135
2001,5,4,5,3,27
2001,5,4,5,4,378
2001,5,4,5,5,12
2001,5,4,5,6,6
2001,5,4,5,8,6
2001,5,4,6,5,6
2001,5,5,3,2,12
2001,5,5,3,3,30
2001,5,5,3,4,177
2001,5,5,5,1,75
2001,5,5,5,3,6
2001,5,5,5,4,18
2001,5,5,5,5,729
2001,5,5,5,6,6
2001,5,5,6,5,6
2001,5,5,8,5,15
2001,5,5,8,6,15
2001,5,6,3,1,21
2001,5,6,3,2,15
2001,5,6,3,3,144
2001,5,6,3,4,864
2001,5,6,5,1,327
2001,5,6,5,2,48
2001,5,6,5,3,27
2001,5,6,5,4,12
2001,5,6,5,6,2412
2001,5,6,5,7,75
2001,5,7,3,3,33
2001,5,7,3,4,183
2001,5,7,5,1,120
2001,5,7,5,2,18
2001,5,7,5,3,12
2001,5,7,5,6,159
2001,5,7,5,7,393
2001,5,8,3,3,36
2001,5,8,3,4,195
2001,5,8,5,1,177
2001,5,8,5,3,78
2001,5,8,5,4,33
2001,5,8,5,5,12
2001,5,8,5,6,18
2001,5,8,5,8,630
2001,5,8,6,1,12
2001,5,8,6,5,12
2001,6,1,3,2,6
2001,6,1,3,3,42
2001,6,1,3,4,186
2001,6,1,5,1,36
2001,6,1,5,3,12
2001,6,1,5,4,15
2001,6,1,5,5,24
2001,6,1,6,1,4434
2001,6,1,6,2,21
2001,6,1,6,4,27
2001,6,1,6,5,2079
2001,6,1,6,6,30
2001,6,1,6,7,18
2001,6,1,6,8,12
2001,6,1,6,9,12
2001,6,1,6,12,9
2001,6,1,8,6,6
2001,6,1,9,1,21
2001,6,1,9,2,18
2001,6,1,9,6,6
2001,6,2,3,3,9
2001,6,2,6,1,27
2001,6,2,6,2,816
2001,6,2,6,4,6
2001,6,2,6,5,357
2001,6,2,6,7,9
2001,6,2,6,8,6
2001,6,3,6,1,9
2001,6,3,6,3,204
2001,6,3,6,5,210
2001,6,3,6,7,9
2001,6,3,6,8,18
2001,6,3,6,12,9
2001,6,4,3,3,18
2001,6,4,3,4,12
2001,6,4,6,1,27
2001,6,4,6,4,1176
2001,6,4,6,5,1488
2001,6,4,6,7,126
2001,6,4,6,8,27
2001,6,4,6,10,6
2001,6,4,9,1,36
2001,6,4,9,2,12
2001,6,4,9,4,6
2001,6,5,3,1,30
2001,6,5,3,2,57
2001,6,5,3,3,180
2001,6,5,3,4,252
2001,6,5,5,1,24
2001,6,5,5,3,6
2001,6,5,5,8,6
2001,6,5,6,1,921
2001,6,5,6,2,30
2001,6,5,6,3,9
2001,6,5,6,4,477
2001,6,5,6,5,39861
2001,6,5,6,6,18
2001,6,5,6,7,417
2001,6,5,6,8,372
2001,6,5,6,9,144
2001,6,5,6,10,30
2001,6,5,6,12,111
2001,6,5,6,13,36
2001,6,5,7,2,12
2001,6,5,7,5,6
2001,6,5,7,6,30
2001,6,5,8,3,9
2001,6,5,8,5,24
2001,6,5,8,6,12
2001,6,5,8,7,9
2001,6,5,8,8,27
2001,6,5,9,1,207
2001,6,5,9,2,144
2001,6,5,9,3,9
2001,6,5,9,4,45
2001,6,5,9,5,30
2001,6,5,9,6,45
2001,6,5,10,1,6
2001,6,5,10,2,12
2001,6,5,10,4,30
2001,6,5,10,6,54
2001,6,5,10,8,15
2001,6,5,11,2,15
2001,6,5,11,8,18
2001,6,5,11,9,36
2001,6,5,12,1,9
2001,6,5,12,2,6
2001,6,6,6,1,60
2001,6,6,6,5,135
2001,6,6,6,6,588
2001,6,6,9,1,21
2001,6,7,3,2,6
2001,6,7,3,3,21
2001,6,7,3,4,27
2001,6,7,6,1,33
2001,6,7,6,4,126
2001,6,7,6,5,1566
2001,6,7,6,7,4662
2001,6,7,6,8,198
2001,6,7,6,10,9
2001,6,7,6,12,33
2001,6,7,6,13,12
2001,6,7,9,1,42
2001,6,7,9,2,27
2001,6,7,9,4,45
2001,6,7,9,5,60
2001,6,7,9,6,45
2001,6,7,11,9,6
2001,6,8,3,3,15
2001,6,8,3,4,15
2001,6,8,6,1,12
2001,6,8,6,4,27
2001,6,8,6,5,1170
2001,6,8,6,7,111
2001,6,8,6,8,3870
2001,6,8,6,9,27
2001,6,8,6,10,30
2001,6,8,6,12,282
2001,6,8,6,13,63
2001,6,8,9,1,9
2001,6,8,9,4,6
2001,6,8,9,5,12
2001,6,9,3,3,6
2001,6,9,6,1,9
2001,6,9,6,4,9
2001,6,9,6,5,381
2001,6,9,6,7,9
2001,6,9,6,8,30
2001,6,9,6,9,375
2001,6,9,6,12,9
2001,6,10,6,4,6
2001,6,10,6,5,132
2001,6,10,6,7,18
2001,6,10,6,8,15
2001,6,10,6,10,195
2001,6,10,6,12,6
2001,6,11,6,5,9
2001,6,11,6,7,15
2001,6,11,6,8,33
2001,6,11,6,11,291
2001,6,11,6,12,12
2001,6,12,6,5,114
2001,6,12,6,7,12
2001,6,12,6,8,180
2001,6,12,6,12,2883
2001,6,12,6,13,195
2001,6,13,6,5,21
2001,6,13,6,8,18
2001,6,13,6,12,129
2001,6,13,6,13,3303
2001,6,13,7,2,6
2001,6,13,17,1,9
2001,7,1,7,1,1212
2001,7,1,7,2,9
2001,7,1,7,4,18
2001,7,1,7,6,93
2001,7,1,7,9,6
2001,7,2,6,5,9
2001,7,2,6,13,27
2001,7,2,7,1,9
2001,7,2,7,2,1935
2001,7,2,7,3,33
2001,7,2,7,4,36
2001,7,2,7,9,12
2001,7,2,9,6,9
2001,7,2,17,5,12
2001,7,2,18,2,6
2001,7,3,7,2,81
2001,7,3,7,3,393
2001,7,4,7,1,21
2001,7,4,7,2,42
2001,7,4,7,4,303
2001,7,4,7,9,6
2001,7,5,6,5,9
2001,7,5,6,12,6
2001,7,5,6,13,18
2001,7,5,7,5,630
2001,7,5,7,6,72
2001,7,5,9,6,57
2001,7,6,6,5,18
2001,7,6,7,1,162
2001,7,6,7,5,27
2001,7,6,7,6,6657
2001,7,6,7,7,117
2001,7,6,7,8,12
2001,7,6,9,5,9
2001,7,6,9,6,84
2001,7,6,10,4,9
2001,7,6,11,2,24
2001,7,6,11,3,21
2001,7,6,11,5,57
2001,7,6,11,8,9
2001,7,6,11,9,30
2001,7,6,14,1,9
2001,7,6,14,2,9
2001,7,7,7,1,12
2001,7,7,7,5,9
2001,7,7,7,6,423
2001,7,7,7,7,366
2001,7,7,9,6,9
2001,7,7,11,5,12
2001,7,8,7,6,15
2001,7,8,7,8,84
2001,7,9,7,2,6
2001,7,9,7,4,18
2001,7,9,7,9,1260
2001,7,9,15,3,27
2001,7,9,15,4,9
2001,7,9,18,2,6
2001,8,1,3,2,6
2001,8,1,3,3,9
2001,8,1,3,4,9
2001,8,1,6,5,12
2001,8,1,8,1,1980
2001,8,1,8,2,117
2001,8,1,8,3,6
2001,8,1,8,4,21
2001,8,1,8,5,45
2001,8,2,3,4,6
2001,8,2,8,1,21
2001,8,2,8,2,372
2001,8,2,8,5,12
2001,8,3,3,3,6
2001,8,3,3,4,6
2001,8,3,6,5,12
2001,8,3,8,3,939
2001,8,3,8,4,18
2001,8,3,8,5,60
2001,8,3,8,7,9
2001,8,3,8,8,9
2001,8,3,9,2,6
2001,8,4,3,3,9
2001,8,4,3,4,9
2001,8,4,8,1,9
2001,8,4,8,3,6
2001,8,4,8,4,435
2001,8,4,8,5,63
2001,8,4,9,5,6
2001,8,5,3,1,6
2001,8,5,3,3,21
2001,8,5,3,4,42
2001,8,5,5,5,6
2001,8,5,6,1,12
2001,8,5,6,5,24
2001,8,5,8,1,18
2001,8,5,8,2,21
2001,8,5,8,3,57
2001,8,5,8,4,39
2001,8,5,8,5,3594
2001,8,5,8,6,87
2001,8,5,8,7,6
2001,8,5,8,8,93
2001,8,5,9,1,6
2001,8,5,9,2,12
2001,8,6,3,1,6
2001,8,6,3,4,21
2001,8,6,5,5,6
2001,8,6,6,5,9
2001,8,6,8,5,210
2001,8,6,8,6,1149
2001,8,6,8,8,81
2001,8,6,9,1,6
2001,8,6,9,2,33
2001,8,7,3,2,6
2001,8,7,3,3,6
2001,8,7,3,4,12
2001,8,7,6,5,18
2001,8,7,8,5,12
2001,8,7,8,7,1626
2001,8,7,8,8,153
2001,8,7,9,2,9
2001,8,7,10,1,138
2001,8,7,10,3,9
2001,8,7,10,4,9
2001,8,7,10,6,33
2001,8,8,3,4,18
2001,8,8,6,5,33
2001,8,8,8,3,30
2001,8,8,8,5,141
2001,8,8,8,6,45
2001,8,8,8,7,222
2001,8,8,8,8,1698
2001,8,8,9,1,9
2001,8,8,9,2,90
2001,8,8,10,1,21
2001,8,8,10,6,12
2001,9,1,3,3,9
2001,9,1,3,4,9
2001,9,1,6,1,21
2001,9,1,6,4,27
2001,9,1,6,5,363
2001,9,1,6,6,12
2001,9,1,6,7,36
2001,9,1,8,8,9
2001,9,1,9,1,2364
2001,9,1,9,2,372
2001,9,1,9,3,42
2001,9,1,9,4,42
2001,9,1,10,6,6
2001,9,2,6,5,138
2001,9,2,6,7,9
2001,9,2,8,5,12
2001,9,2,8,8,27
2001,9,2,9,1,210
2001,9,2,9,2,2484
2001,9,2,9,3,27
2001,9,2,9,4,150
2001,9,2,9,5,15
2001,9,3,6,5,36
2001,9,3,8,8,18
2001,9,3,9,1,111
2001,9,3,9,2,177
2001,9,3,9,3,801
2001,9,3,9,4,9
2001,9,4,3,3,6
2001,9,4,3,4,9
2001,9,4,6,5,69
2001,9,4,6,7,30
2001,9,4,9,1,54
2001,9,4,9,2,165
2001,9,4,9,3,18
2001,9,4,9,4,3324
2001,9,4,9,5,90
2001,9,4,9,6,6
2001,9,4,10,4,12
2001,9,4,10,6,12
2001,9,5,6,5,75
2001,9,5,6,7,36
2001,9,5,6,8,12
2001,9,5,9,2,15
2001,9,5,9,4,99
2001,9,5,9,5,2595
2001,9,5,9,6,303
2001,9,5,11,9,9
2001,9,6,6,5,36
2001,9,6,6,7,6
2001,9,6,6,13,9
2001,9,6,7,5,6
2001,9,6,7,6,21
2001,9,6,9,4,6
2001,9,6,9,5,171
2001,9,6,9,6,3921
2001,9,6,10,4,9
2001,9,6,11,2,9
2001,9,6,11,8,12
2001,9,6,11,9,18
2001,10,1,3,3,9
2001,10,1,3,4,15
2001,10,1,8,7,75
2001,10,1,8,8,12
2001,10,1,10,1,1962
2001,10,1,10,2,6
2001,10,1,10,3,51
2001,10,1,10,4,54
2001,10,1,10,6,201
2001,10,1,10,8,33
2001,10,2,6,5,9
2001,10,2,10,1,6
2001,10,2,10,2,3888
2001,10,2,10,3,6
2001,10,2,10,4,417
2001,10,2,10,6,330
2001,10,2,10,8,87
2001,10,2,11,2,42
2001,10,2,11,8,33
2001,10,2,11,9,51
2001,10,2,12,1,21
2001,10,2,12,2,30
2001,10,2,12,4,18
2001,10,3,3,3,9
2001,10,3,3,4,6
2001,10,3,6,5,12
2001,10,3,9,4,6
2001,10,3,10,1,117
2001,10,3,10,2,18
2001,10,3,10,3,1530
2001,10,3,10,4,231
2001,10,3,10,6,921
2001,10,3,10,8,135
2001,10,4,3,4,24
2001,10,4,6,5,45
2001,10,4,6,7,6
2001,10,4,6,8,6
2001,10,4,7,6,9
2001,10,4,8,7,6
2001,10,4,8,8,6
2001,10,4,9,2,9
2001,10,4,9,4,18
2001,10,4,9,5,9
2001,10,4,9,6,18
2001,10,4,10,1,33
2001,10,4,10,2,573
2001,10,4,10,3,27
2001,10,4,10,4,6144
2001,10,4,10,5,12
2001,10,4,10,6,2523
2001,10,4,10,8,417
2001,10,4,11,2,18
2001,10,4,11,8,27
2001,10,4,11,9,42
2001,10,4,12,1,21
2001,10,4,12,2,12
2001,10,4,12,4,27
2001,10,5,10,2,15
2001,10,5,10,4,24
2001,10,5,10,5,42
2001,10,5,10,6,15
2001,10,6,3,4,48
2001,10,6,6,5,57
2001,10,6,6,8,6
2001,10,6,7,6,6
2001,10,6,9,4,39
2001,10,6,9,5,15
2001,10,6,9,6,18
2001,10,6,10,1,111
2001,10,6,10,2,279
2001,10,6,10,3,213
2001,10,6,10,4,2400
2001,10,6,10,5,12
2001,10,6,10,6,11976
2001,10,6,10,8,1410
2001,10,6,10,9,9
2001,10,6,11,2,15
2001,10,6,11,8,18
2001,10,6,11,9,36
2001,10,6,12,1,18
2001,10,6,12,4,21
2001,10,7,10,4,6
2001,10,7,10,7,72
2001,10,8,3,4,15
2001,10,8,6,5,18
2001,10,8,9,4,12
2001,10,8,9,5,6
2001,10,8,10,1,18
2001,10,8,10,2,75
2001,10,8,10,3,63
2001,10,8,10,4,612
2001,10,8,10,6,2205
2001,10,8,10,8,2199
2001,10,8,11,2,6
2001,10,8,11,8,15
2001,10,8,11,9,15
2001,10,8,12,1,9
2001,10,8,12,4,6
2001,10,9,10,4,27
2001,10,9,10,6,96
2001,10,9,10,8,30
2001,10,9,10,9,75
2001,11,1,9,6,9
2001,11,1,11,1,693
2001,11,1,11,2,279
2001,11,1,11,3,9
2001,11,1,11,4,15
2001,11,1,11,7,24
2001,11,1,11,8,366
2001,11,1,11,9,699
2001,11,2,6,5,9
2001,11,2,7,6,12
2001,11,2,9,6,57
2001,11,2,10,2,12
2001,11,2,10,4,12
2001,11,2,10,6,12
2001,11,2,11,1,51
2001,11,2,11,2,2169
2001,11,2,11,3,27
2001,11,2,11,4,57
2001,11,2,11,5,21
2001,11,2,11,6,9
2001,11,2,11,7,6
2001,11,2,11,8,573
2001,11,2,11,9,1632
2001,11,2,12,1,9
2001,11,2,12,4,81
2001,11,3,9,6,6
2001,11,3,11,2,24
2001,11,3,11,3,801
2001,11,3,11,4,15
2001,11,3,11,9,27
2001,11,3,12,1,12
2001,11,3,12,4,15
2001,11,4,9,6,9
2001,11,4,11,2,105
2001,11,4,11,3,9
2001,11,4,11,4,282
2001,11,4,11,5,9
2001,11,4,11,8,60
2001,11,4,11,9,204
2001,11,5,7,6,36
2001,11,5,11,2,9
2001,11,5,11,4,6
2001,11,5,11,5,660
2001,11,5,11,8,12
2001,11,5,11,9,21
2001,11,6,7,6,6
2001,11,6,9,6,27
2001,11,6,11,2,51
2001,11,6,11,5,12
2001,11,6,11,6,453
2001,11,6,11,8,51
2001,11,6,11,9,96
2001,11,7,11,1,18
2001,11,7,11,2,45
2001,11,7,11,7,183
2001,11,7,11,8,69
2001,11,7,11,9,105
2001,11,8,6,5,9
2001,11,8,7,6,15
2001,11,8,9,5,6
2001,11,8,9,6,39
2001,11,8,10,2,15
2001,11,8,10,4,6
2001,11,8,10,6,18
2001,11,8,10,8,6
2001,11,8,11,1,135
2001,11,8,11,2,819
2001,11,8,11,3,39
2001,11,8,11,4,72
2001,11,8,11,5,24
2001,11,8,11,6,12
2001,11,8,11,7,21
2001,11,8,11,8,1680
2001,11,8,11,9,1881
2001,11,8,12,1,12
2001,11,8,12,4,15
2001,11,9,6,5,24
2001,11,9,7,6,24
2001,11,9,9,5,12
2001,11,9,9,6,69
2001,11,9,10,2,9
2001,11,9,10,4,15
2001,11,9,10,6,18
2001,11,9,11,1,159
2001,11,9,11,2,1206
2001,11,9,11,3,33
2001,11,9,11,4,87
2001,11,9,11,5,39
2001,11,9,11,6,12
2001,11,9,11,7,18
2001,11,9,11,8,1191
2001,11,9,11,9,4464
2001,11,9,12,4,18
2001,12,1,10,2,18
2001,12,1,10,4,18
2001,12,1,10,6,18
2001,12,1,11,2,6
2001,12,1,11,3,36
2001,12,1,11,8,9
2001,12,1,11,9,18
2001,12,1,12,1,4653
2001,12,1,12,2,312
2001,12,1,12,3,60
2001,12,1,12,4,582
2001,12,1,12,6,51
2001,12,2,11,3,12
2001,12,2,11,9,12
2001,12,2,12,1,435
2001,12,2,12,2,1320
2001,12,2,12,3,9
2001,12,2,12,4,309
2001,12,2,12,6,9
2001,12,3,11,2,6
2001,12,3,12,1,219
2001,12,3,12,2,27
2001,12,3,12,3,468
2001,12,3,12,4,27
2001,12,3,12,6,27
2001,12,4,10,4,9
2001,12,4,11,2,9
2001,12,4,11,3,18
2001,12,4,11,8,6
2001,12,4,11,9,6
2001,12,4,12,1,201
2001,12,4,12,2,114
2001,12,4,12,4,1947
2001,12,4,12,6,6
2001,12,5,12,1,21
2001,12,5,12,5,18
2001,12,6,12,1,105
2001,12,6,12,2,15
2001,12,6,12,3,6
2001,12,6,12,4,18
2001,12,6,12,6,2094
2001,13,1,13,1,834
2001,13,1,13,2,6
2001,13,1,13,3,12
2001,13,1,13,4,39
2001,13,1,13,6,6
2001,13,2,13,2,612
2001,13,2,13,3,30
2001,13,2,13,4,141
2001,13,2,13,6,12
2001,13,3,13,2,18
2001,13,3,13,3,714
2001,13,3,13,4,492
2001,13,3,13,6,15
2001,13,3,13,7,6
2001,13,4,13,1,60
2001,13,4,13,2,99
2001,13,4,13,3,516
2001,13,4,13,4,8457
2001,13,4,13,5,15
2001,13,4,13,6,138
2001,13,4,13,7,30
2001,13,4,14,1,18
2001,13,4,14,2,6
2001,13,5,13,4,120
2001,13,5,13,5,48
2001,13,6,13,1,12
2001,13,6,13,2,12
2001,13,6,13,3,36
2001,13,6,13,4,315
2001,13,6,13,6,606
2001,13,7,13,4,27
2001,13,7,13,7,2607
2001,13,7,14,1,18
2001,13,7,14,2,21
2001,13,7,14,4,6
2001,13,7,14,13,12
2001,14,1,13,4,15
2001,14,1,13,7,27
2001,14,1,14,1,15138
2001,14,1,14,2,3240
2001,14,1,14,3,129
2001,14,1,14,4,39
2001,14,1,14,5,84
2001,14,1,14,7,51
2001,14,1,14,8,24
2001,14,1,14,10,6
2001,14,1,14,11,6
2001,14,1,14,12,9
2001,14,1,14,13,105
2001,14,1,15,8,24
2001,14,2,7,6,6
2001,14,2,13,4,6
2001,14,2,13,7,18
2001,14,2,14,1,1599
2001,14,2,14,2,15162
2001,14,2,14,3,198
2001,14,2,14,4,24
2001,14,2,14,5,60
2001,14,2,14,6,18
2001,14,2,14,7,33
2001,14,2,14,8,72
2001,14,2,14,9,42
2001,14,2,14,10,24
2001,14,2,14,11,6
2001,14,2,14,12,12
2001,14,2,14,13,225
2001,14,2,15,8,21
2001,14,3,13,7,6
2001,14,3,14,1,375
2001,14,3,14,2,678
2001,14,3,14,3,498
2001,14,3,14,5,6
2001,14,3,14,10,6
2001,14,3,14,13,12
2001,14,4,13,7,9
2001,14,4,14,1,132
2001,14,4,14,2,18
2001,14,4,14,4,318
2001,14,5,14,1,306
2001,14,5,14,2,198
2001,14,5,14,3,9
2001,14,5,14,5,489
2001,14,6,14,1,18
2001,14,6,14,2,51
2001,14,6,14,6,36
2001,14,7,14,1,45
2001,14,7,14,2,24
2001,14,7,14,7,48
2001,14,8,14,1,45
2001,14,8,14,2,156
2001,14,8,14,8,273
2001,14,8,14,13,9
2001,14,9,14,1,21
2001,14,9,14,2,225
2001,14,9,14,3,9
2001,14,9,14,9,204
2001,14,9,14,13,36
2001,14,10,14,1,30
2001,14,10,14,2,132
2001,14,10,14,10,162
2001,14,11,14,1,12
2001,14,11,14,2,6
2001,14,11,14,11,150
2001,14,12,14,1,6
2001,14,12,14,2,12
2001,14,12,14,12,96
2001,14,13,13,7,9
2001,14,13,14,1,75
2001,14,13,14,2,312
2001,14,13,14,9,9
2001,14,13,14,13,4830
2001,14,13,15,1,33
2001,15,1,14,1,9
2001,15,1,14,2,9
2001,15,1,14,13,123
2001,15,1,15,1,3768
2001,15,1,15,6,9
2001,15,1,15,8,264
2001,15,1,15,14,93
2001,15,2,15,1,15
2001,15,2,15,2,243
2001,15,3,7,9,30
2001,15,3,15,3,741
2001,15,3,15,8,12
2001,15,4,7,9,42
2001,15,4,15,3,54
2001,15,4,15,4,2013
2001,15,4,15,5,72
2001,15,4,15,6,18
2001,15,4,15,8,39
2001,15,4,18,2,24
2001,15,4,18,5,15
2001,15,4,18,8,9
2001,15,5,15,4,57
2001,15,5,15,5,2637
2001,15,5,15,6,102
2001,15,5,15,8,456
2001,15,5,15,10,24
2001,15,5,15,11,15
2001,15,5,16,7,12
2001,15,5,18,2,84
2001,15,5,18,5,87
2001,15,5,18,6,15
2001,15,5,18,8,9
2001,15,6,15,1,12
2001,15,6,15,4,30
2001,15,6,15,5,207
2001,15,6,15,6,3774
2001,15,6,15,7,9
2001,15,6,15,8,2094
2001,15,6,15,9,33
2001,15,6,15,10,69
2001,15,6,15,11,27
2001,15,6,15,12,48
2001,15,6,15,14,9
2001,15,6,16,2,9
2001,15,6,16,5,6
2001,15,6,16,7,18
2001,15,6,18,2,9
2001,15,6,18,5,27
2001,15,7,15,6,42
2001,15,7,15,7,279
2001,15,7,15,8,171
2001,15,8,7,9,6
2001,15,8,14,1,21
2001,15,8,14,2,24
2001,15,8,14,13,18
2001,15,8,15,1,99
2001,15,8,15,3,102
2001,15,8,15,4,18
2001,15,8,15,5,261
2001,15,8,15,6,531
2001,15,8,15,7,15
2001,15,8,15,8,26403
2001,15,8,15,9,147
2001,15,8,15,10,75
2001,15,8,15,11,213
2001,15,8,15,12,78
2001,15,8,15,13,18
2001,15,8,15,14,54
2001,15,8,16,2,24
2001,15,8,16,3,9
2001,15,8,16,4,27
2001,15,8,16,5,33
2001,15,8,16,7,129
2001,15,8,17,9,12
2001,15,8,18,2,42
2001,15,8,18,5,27
2001,15,8,18,6,12
2001,15,8,19,3,27
2001,15,9,15,6,27
2001,15,9,15,8,372
2001,15,9,15,9,216
2001,15,10,15,5,51
2001,15,10,15,6,93
2001,15,10,15,8,594
2001,15,10,15,10,789
2001,15,10,15,11,39
2001,15,10,15,12,15
2001,15,11,15,1,12
2001,15,11,15,5,18
2001,15,11,15,6,21
2001,15,11,15,8,558
2001,15,11,15,10,12
2001,15,11,15,11,7536
2001,15,11,15,12,12
2001,15,11,15,13,15
2001,15,11,16,2,342
2001,15,11,16,3,18
2001,15,11,16,4,51
2001,15,11,16,5,60
2001,15,11,16,7,159
2001,15,11,18,2,9
2001,15,11,18,5,9
2001,15,11,19,3,6
2001,15,12,15,6,33
2001,15,12,15,8,402
2001,15,12,15,10,6
2001,15,12,15,12,336
2001,15,13,15,8,99
2001,15,13,15,11,15
2001,15,13,15,13,123
2001,15,14,15,1,51
2001,15,14,15,8,162
2001,15,14,15,14,1437
2001,15,14,16,7,6
2001,15,14,19,1,24
2001,15,14,19,3,12
2001,16,2,15,8,84
2001,16,2,15,11,300
2001,16,2,16,2,9012
2001,16,2,16,3,159
2001,16,2,16,4,885
2001,16,2,16,5,732
2001,16,2,16,7,2877
2001,16,2,19,3,12
2001,16,2,19,8,6
2001,16,2,20,1,6
2001,16,3,15,8,18
2001,16,3,16,2,27
2001,16,3,16,3,6987
2001,16,3,16,4,381
2001,16,3,16,5,3477
2001,16,3,16,7,3195
2001,16,3,19,3,27
2001,16,3,19,8,15
2001,16,4,15,8,24
2001,16,4,15,11,9
2001,16,4,16,2,294
2001,16,4,16,3,309
2001,16,4,16,4,9822
2001,16,4,16,5,1932
2001,16,4,16,7,9426
2001,16,4,19,3,24
2001,16,4,19,6,6
2001,16,4,19,8,9
2001,16,5,15,8,36
2001,16,5,15,11,6
2001,16,5,16,2,90
2001,16,5,16,3,1392
2001,16,5,16,4,921
2001,16,5,16,5,23292
2001,16,5,16,7,11412
2001,16,5,19,3,36
2001,16,5,19,6,12
2001,16,5,19,8,21
2001,16,5,21,3,9
2001,16,7,15,5,9
2001,16,7,15,8,60
2001,16,7,15,11,15
2001,16,7,16,2,243
2001,16,7,16,3,492
2001,16,7,16,4,2088
2001,16,7,16,5,4626
2001,16,7,16,7,63117
2001,16,7,19,3,123
2001,16,7,19,4,9
2001,16,7,19,6,15
2001,16,7,19,8,48
2001,16,7,20,1,6
2001,16,7,20,6,9
2001,16,7,21,3,21
2001,16,7,21,4,12
2001,17,1,6,13,9
2001,17,1,17,1,3102
2001,17,1,17,2,1719
2001,17,1,17,3,45
2001,17,1,17,4,99
2001,17,1,17,5,105
2001,17,1,17,7,9
2001,17,1,17,8,6
2001,17,1,17,9,33
2001,17,2,17,1,1389
2001,17,2,17,2,12768
2001,17,2,17,3,93
2001,17,2,17,4,186
2001,17,2,17,5,246
2001,17,2,17,7,81
2001,17,2,17,8,18
2001,17,2,17,9,99
2001,17,3,17,1,51
2001,17,3,17,2,471
2001,17,3,17,3,696
2001,17,3,17,4,21
2001,17,3,17,5,12
2001,17,3,17,7,24
2001,17,3,17,9,6
2001,17,4,17,1,201
2001,17,4,17,2,567
2001,17,4,17,3,9
2001,17,4,17,4,1536
2001,17,4,17,5,105
2001,17,4,17,8,6
2001,17,4,17,9,36
2001,17,5,17,1,54
2001,17,5,17,2,222
2001,17,5,17,4,42
2001,17,5,17,5,4329
2001,17,5,17,7,24
2001,17,5,17,8,39
2001,17,5,17,9,408
2001,17,6,17,5,6
2001,17,6,17,6,75
2001,17,7,17,1,9
2001,17,7,17,2,69
2001,17,7,17,3,15
2001,17,7,17,5,42
2001,17,7,17,7,1557
2001,17,7,17,8,12
2001,17,7,17,9,81
2001,17,8,17,2,9
2001,17,8,17,5,24
2001,17,8,17,7,12
2001,17,8,17,8,567
2001,17,8,17,9,111
2001,17,9,15,8,6
2001,17,9,17,1,12
2001,17,9,17,2,81
2001,17,9,17,5,255
2001,17,9,17,7,15
2001,17,9,17,8,84
2001,17,9,17,9,4461
2001,17,9,17,10,24
2001,17,9,18,1,6
2001,17,10,17,2,9
2001,17,10,17,5,12
2001,17,10,17,9,129
2001,17,10,17,10,573
2001,17,10,18,1,48
2001,18,1,17,9,24
2001,18,1,17,10,15
2001,18,1,18,1,606
2001,18,1,18,2,27
2001,18,1,18,5,18
2001,18,2,7,9,12
2001,18,2,15,4,9
2001,18,2,15,5,60
2001,18,2,15,6,12
2001,18,2,15,8,90
2001,18,2,15,11,12
2001,18,2,17,2,9
2001,18,2,17,9,9
2001,18,2,18,1,48
2001,18,2,18,2,3084
2001,18,2,18,3,60
2001,18,2,18,4,18
2001,18,2,18,5,996
2001,18,2,18,6,558
2001,18,2,18,7,27
2001,18,2,18,8,57
2001,18,3,15,5,9
2001,18,3,15,8,12
2001,18,3,18,2,261
2001,18,3,18,3,159
2001,18,3,18,4,9
2001,18,3,18,5,102
2001,18,3,18,6,48
2001,18,3,18,8,9
2001,18,4,15,5,6
2001,18,4,15,8,6
2001,18,4,18,1,15
2001,18,4,18,2,180
2001,18,4,18,3,15
2001,18,4,18,4,258
2001,18,4,18,5,96
2001,18,4,18,6,36
2001,18,4,18,8,9
2001,18,5,7,9,9
2001,18,5,15,4,6
2001,18,5,15,5,60
2001,18,5,15,6,21
2001,18,5,15,8,81
2001,18,5,15,11,9
2001,18,5,17,2,6
2001,18,5,18,1,57
2001,18,5,18,2,1281
2001,18,5,18,3,42
2001,18,5,18,4,24
2001,18,5,18,5,1668
2001,18,5,18,6,354
2001,18,5,18,7,24
2001,18,5,18,8,54
2001,18,6,7,9,6
2001,18,6,15,5,24
2001,18,6,15,6,9
2001,18,6,15,8,60
2001,18,6,15,11,12
2001,18,6,18,1,45
2001,18,6,18,2,900
2001,18,6,18,3,27
2001,18,6,18,4,18
2001,18,6,18,5,501
2001,18,6,18,6,567
2001,18,6,18,7,21
2001,18,6,18,8,36
2001,18,7,15,8,15
2001,18,7,18,2,249
2001,18,7,18,5,135
2001,18,7,18,6,51
2001,18,7,18,7,117
2001,18,7,18,8,15
2001,18,8,7,9,12
2001,18,8,15,5,12
2001,18,8,15,8,9
2001,18,8,18,1,9
2001,18,8,18,2,219
2001,18,8,18,4,6
2001,18,8,18,5,99
2001,18,8,18,6,45
2001,18,8,18,7,6
2001,18,8,18,8,420
2001,19,1,15,1,9
2001,19,1,15,8,12
2001,19,1,15,14,39
2001,19,1,19,1,579
2001,19,1,19,3,39
2001,19,2,19,2,102
2001,19,2,19,3,111
2001,19,3,14,13,6
2001,19,3,15,8,18
2001,19,3,16,3,36
2001,19,3,16,4,15
2001,19,3,16,5,93
2001,19,3,16,7,162
2001,19,3,19,1,9
2001,19,3,19,2,48
2001,19,3,19,3,5685
2001,19,3,19,4,63
2001,19,3,19,5,84
2001,19,3,19,6,231
2001,19,3,19,8,126
2001,19,4,16,5,6
2001,19,4,16,7,21
2001,19,4,19,3,294
2001,19,4,19,4,261
2001,19,4,19,6,12
2001,19,4,19,8,6
2001,19,5,16,7,15
2001,19,5,19,2,9
2001,19,5,19,3,198
2001,19,5,19,5,510
2001,19,5,19,6,9
2001,19,5,19,8,6
2001,19,6,16,3,39
2001,19,6,16,4,6
2001,19,6,16,5,81
2001,19,6,16,7,150
2001,19,6,19,2,9
2001,19,6,19,3,612
2001,19,6,19,4,9
2001,19,6,19,5,15
2001,19,6,19,6,1401
2001,19,6,19,8,210
2001,19,7,19,3,15
2001,19,7,19,7,138
2001,19,7,19,8,33
2001,19,8,16,3,93
2001,19,8,16,4,21
2001,19,8,16,5,144
2001,19,8,16,7,351
2001,19,8,19,3,249
2001,19,8,19,4,6
2001,19,8,19,6,96
2001,19,8,19,7,12
2001,19,8,19,8,2199
2001,20,1,20,1,1038
2001,20,1,20,2,18
2001,20,1,20,3,6
2001,20,1,20,4,12
2001,20,1,20,5,9
2001,20,1,20,6,108
2001,20,1,20,7,81
2001,20,1,20,9,12
2001,20,1,21,3,39
2001,20,2,20,1,18
2001,20,2,20,2,699
2001,20,2,20,3,60
2001,20,2,20,4,60
2001,20,2,20,5,15
2001,20,2,20,6,492
2001,20,2,20,7,9
2001,20,2,20,8,6
2001,20,2,20,9,78
2001,20,2,21,3,12
2001,20,3,20,2,6
2001,20,3,20,3,405
2001,20,3,20,4,6
2001,20,3,20,6,33
2001,20,4,20,2,15
2001,20,4,20,3,12
2001,20,4,20,4,141
2001,20,4,20,6,207
2001,20,4,20,7,6
2001,20,4,20,9,9
2001,20,5,20,2,12
2001,20,5,20,3,9
2001,20,5,20,4,15
2001,20,5,20,5,174
2001,20,5,20,6,267
2001,20,5,20,7,9
2001,20,5,20,9,18
2001,20,6,16,7,15
2001,20,6,20,1,96
2001,20,6,20,2,366
2001,20,6,20,3,255
2001,20,6,20,4,309
2001,20,6,20,5,159
2001,20,6,20,6,6441
2001,20,6,20,7,159
2001,20,6,20,8,30
2001,20,6,20,9,225
2001,20,6,20,10,63
2001,20,6,21,3,57
2001,20,6,21,4,6
2001,20,6,22,2,6
2001,20,7,16,7,6
2001,20,7,20,1,42
2001,20,7,20,3,6
2001,20,7,20,4,9
2001,20,7,20,6,162
2001,20,7,20,7,1056
2001,20,7,20,9,9
2001,20,7,21,3,18
2001,20,8,20,1,6
2001,20,8,20,2,12
2001,20,8,20,3,9
2001,20,8,20,4,12
2001,20,8,20,5,15
2001,20,8,20,6,168
2001,20,8,20,7,21
2001,20,8,20,8,114
2001,20,8,20,9,9
2001,20,9,20,1,6
2001,20,9,20,2,18
2001,20,9,20,3,21
2001,20,9,20,4,9
2001,20,9,20,5,12
2001,20,9,20,6,153
2001,20,9,20,9,291
2001,20,10,20,1,6
2001,20,10,20,4,9
2001,20,10,20,5,6
2001,20,10,20,6,123
2001,20,10,20,9,6
2001,20,10,20,10,528
2001,21,1,21,1,843
2001,21,1,21,3,54
2001,21,1,21,4,33
2001,21,1,21,6,18
2001,21,2,21,2,1797
2001,21,2,21,3,27
2001,21,2,21,4,9
2001,21,2,21,6,12
2001,21,3,16,7,54
2001,21,3,20,1,54
2001,21,3,20,6,15
2001,21,3,20,7,9
2001,21,3,21,1,36
2001,21,3,21,2,24
2001,21,3,21,3,13437
2001,21,3,21,4,1407
2001,21,3,21,5,27
2001,21,3,21,6,129
2001,21,3,23,2,6
2001,21,4,16,7,15
2001,21,4,20,1,6
2001,21,4,21,1,45
2001,21,4,21,2,18
2001,21,4,21,3,2943
2001,21,4,21,4,4596
2001,21,4,21,5,48
2001,21,4,21,6,165
2001,21,5,21,3,165
2001,21,5,21,4,141
2001,21,5,21,5,237
2001,21,5,21,6,81
2001,21,6,20,1,6
2001,21,6,21,1,24
2001,21,6,21,2,24
2001,21,6,21,3,318
2001,21,6,21,4,162
2001,21,6,21,5,33
2001,21,6,21,6,3807
2001,22,1,22,1,279
2001,22,1,22,4,9
2001,22,1,24,7,6
2001,22,2,20,6,9
2001,22,2,22,2,1317
2001,22,3,22,1,9
2001,22,3,22,3,117
2001,22,3,22,4,12
2001,22,4,22,1,63
2001,22,4,22,3,42
2001,22,4,22,4,642
2001,22,4,24,1,6
2001,22,5,22,5,537
2001,22,5,24,1,6
2001,23,1,23,1,240
2001,23,1,23,2,6
2001,23,2,21,3,6
2001,23,2,21,4,6
2001,23,2,21,6,12
2001,23,2,23,1,9
2001,23,2,23,2,2031
2001,23,2,23,4,18
2001,23,2,23,6,15
2001,23,3,23,2,12
2001,23,3,23,3,132
2001,23,3,23,4,6
2001,23,3,23,6,33
2001,23,4,23,2,9
2001,23,4,23,4,549
2001,23,4,23,6,24
2001,23,4,23,7,9
2001,23,5,23,5,63
2001,23,6,23,2,30
2001,23,6,23,3,42
2001,23,6,23,4,21
2001,23,6,23,6,3822
2001,23,6,23,7,102
2001,23,6,23,8,9
2001,23,6,23,10,60
2001,23,6,23,11,6
2001,23,7,23,4,12
2001,23,7,23,6,147
2001,23,7,23,7,342
2001,23,8,23,6,84
2001,23,8,23,8,177
2001,23,8,23,10,21
2001,23,9,23,6,6
2001,23,9,23,9,90
2001,23,10,23,2,15
2001,23,10,23,6,126
2001,23,10,23,8,18
2001,23,10,23,10,1929
2001,23,10,23,11,12
2001,23,11,23,6,6
2001,23,11,23,10,15
2001,23,11,23,11,525
2001,23,12,23,11,15
2001,23,12,23,12,306
2001,23,13,23,13,45
2001,24,1,22,4,9
2001,24,1,22,5,6
2001,24,1,24,1,1629
2001,24,1,24,2,213
2001,24,1,24,3,78
2001,24,1,24,5,51
2001,24,1,24,6,63
2001,24,1,24,7,237
2001,24,2,24,1,129
2001,24,2,24,2,8490
2001,24,2,24,3,2235
2001,24,2,24,4,30
2001,24,2,24,5,936
2001,24,2,24,6,1197
2001,24,2,24,7,4053
2001,24,2,27,4,21
2001,24,3,22,1,6
2001,24,3,24,1,18
2001,24,3,24,2,648
2001,24,3,24,3,13263
2001,24,3,24,4,36
2001,24,3,24,5,2997
2001,24,3,24,6,3534
2001,24,3,24,7,11736
2001,24,3,24,8,9
2001,24,3,24,10,36
2001,24,3,27,4,30
2001,24,3,28,1,9
2001,24,3,28,2,9
2001,24,4,24,2,27
2001,24,4,24,3,225
2001,24,4,24,4,1836
2001,24,4,24,5,300
2001,24,4,24,6,126
2001,24,4,24,7,315
2001,24,4,24,10,27
2001,24,4,27,1,6
2001,24,4,27,4,12
2001,24,5,24,1,6
2001,24,5,24,2,108
2001,24,5,24,3,2667
2001,24,5,24,4,42
2001,24,5,24,5,9168
2001,24,5,24,6,2586
2001,24,5,24,7,4404
2001,24,5,24,9,9
2001,24,5,24,10,87
2001,24,5,27,4,42
2001,24,5,27,6,6
2001,24,5,28,2,9
2001,24,6,24,2,144
2001,24,6,24,3,2244
2001,24,6,24,4,9
2001,24,6,24,5,1950
2001,24,6,24,6,7086
2001,24,6,24,7,8028
2001,24,6,24,8,21
2001,24,6,24,10,15
2001,24,6,25,1,6
2001,24,6,27,4,18
2001,24,6,28,2,6
2001,24,7,24,1,39
2001,24,7,24,2,876
2001,24,7,24,3,7092
2001,24,7,24,4,21
2001,24,7,24,5,3291
2001,24,7,24,6,7494
2001,24,7,24,7,38976
2001,24,7,24,8,42
2001,24,7,24,10,21
2001,24,7,25,1,9
2001,24,7,27,1,9
2001,24,7,27,4,48
2001,24,7,27,6,9
2001,24,7,28,1,12
2001,24,7,28,2,9
2001,24,8,24,3,60
2001,24,8,24,5,60
2001,24,8,24,6,123
2001,24,8,24,7,342
2001,24,8,24,8,297
2001,24,9,24,3,15
2001,24,9,24,5,27
2001,24,9,24,6,33
2001,24,9,24,7,72
2001,24,9,24,9,231
2001,24,10,24,2,9
2001,24,10,24,3,126
2001,24,10,24,4,21
2001,24,10,24,5,360
2001,24,10,24,6,123
2001,24,10,24,7,249
2001,24,10,24,10,1569
2001,24,10,27,4,18
2001,24,10,27,6,12
2001,25,1,25,1,189
2001,25,1,25,2,12
2001,25,2,24,7,12
2001,25,2,25,1,72
2001,25,2,25,2,183
2001,25,3,24,7,9
2001,25,3,25,1,24
2001,25,3,25,2,12
2001,25,3,25,3,123
2001,26,1,26,1,237
2001,27,1,24,4,6
2001,27,1,24,6,6
2001,27,1,24,7,12
2001,27,1,27,1,1374
2001,27,1,27,4,192
2001,27,1,27,5,21
2001,27,1,27,6,27
2001,27,2,27,2,72
2001,27,2,27,4,111
2001,27,3,27,3,24
2001,27,3,27,4,39
2001,27,4,24,2,6
2001,27,4,24,3,12
2001,27,4,24,5,30
2001,27,4,24,6,12
2001,27,4,24,7,45
2001,27,4,24,10,18
2001,27,4,27,1,69
2001,27,4,27,2,15
2001,27,4,27,3,15
2001,27,4,27,4,5295
2001,27,4,27,5,117
2001,27,4,27,6,147
2001,27,4,28,1,15
2001,27,4,28,2,12
2001,27,5,24,7,9
2001,27,5,27,1,27
2001,27,5,27,2,6
2001,27,5,27,4,420
2001,27,5,27,5,1302
2001,27,5,27,6,18
2001,27,5,28,1,12
2001,27,5,28,2,6
2001,27,6,24,3,18
2001,27,6,24,5,24
2001,27,6,24,6,15
2001,27,6,24,7,27
2001,27,6,24,10,21
2001,27,6,27,1,24
2001,27,6,27,4,225
2001,27,6,27,5,6
2001,27,6,27,6,930
2001,28,1,24,7,12
2001,28,1,27,1,9
2001,28,1,27,4,57
2001,28,1,27,5,15
2001,28,1,28,1,2886
2001,28,1,28,2,768
2001,28,1,28,4,45
2001,28,1,28,5,15
2001,28,1,28,6,6
2001,28,2,24,3,6
2001,28,2,24,5,15
2001,28,2,24,6,6
2001,28,2,24,7,21
2001,28,2,27,4,30
2001,28,2,28,1,390
2001,28,2,28,2,8904
2001,28,2,28,4,177
2001,28,2,28,5,24
2001,28,2,28,6,57
2001,28,2,28,7,9
2001,28,3,28,3,24
2001,28,4,27,4,9
2001,28,4,28,1,120
2001,28,4,28,2,855
2001,28,4,28,4,870
2001,28,4,28,5,12
2001,28,5,28,1,6
2001,28,5,28,2,51
2001,28,5,28,4,9
2001,28,5,28,5,1545
2001,28,5,28,8,6
2001,28,6,28,1,9
2001,28,6,28,2,303
2001,28,6,28,4,21
2001,28,6,28,6,2214
2001,28,6,28,7,135
2001,28,6,28,8,18
2001,28,7,28,2,27
2001,28,7,28,6,27
2001,28,7,28,7,5970
2001,28,7,28,8,21
2001,28,7,29,1,15
2001,28,7,29,6,30
2001,28,8,28,5,21
2001,28,8,28,6,9
2001,28,8,28,7,60
2001,28,8,28,8,597
2001,28,8,29,1,6
2001,29,1,28,7,24
2001,29,1,29,1,1014
2001,29,1,29,3,30
2001,29,1,29,4,165
2001,29,1,29,5,21
2001,29,1,29,6,570
2001,29,2,29,2,273
2001,29,2,29,4,6
2001,29,2,29,5,21
2001,29,2,29,6,12
2001,29,2,29,8,6
2001,29,3,29,1,6
2001,29,3,29,3,384
2001,29,3,29,4,228
2001,29,3,29,5,48
2001,29,3,29,6,609
2001,29,4,28,7,15
2001,29,4,29,1,27
2001,29,4,29,3,87
2001,29,4,29,4,5244
2001,29,4,29,5,663
2001,29,4,29,6,6342
2001,29,4,29,7,15
2001,29,4,29,8,57
2001,29,4,30,1,6
2001,29,4,30,3,9
2001,29,4,31,1,6
2001,29,5,29,1,6
2001,29,5,29,3,33
2001,29,5,29,4,921
2001,29,5,29,5,2964
2001,29,5,29,6,1563
2001,29,5,29,8,57
2001,29,6,28,7,21
2001,29,6,29,1,51
2001,29,6,29,3,168
2001,29,6,29,4,3579
2001,29,6,29,5,600
2001,29,6,29,6,15822
2001,29,6,29,7,60
2001,29,6,29,8,60
2001,29,6,30,2,6
2001,29,6,30,3,36
2001,29,6,31,6,15
2001,29,7,29,4,129
2001,29,7,29,5,12
2001,29,7,29,6,351
2001,29,7,29,7,240
2001,29,8,29,4,63
2001,29,8,29,5,93
2001,29,8,29,6,147
2001,29,8,29,8,5445
2001,29,8,30,1,9
2001,29,8,30,3,9
2001,29,8,31,1,36
2001,29,8,31,5,12
2001,29,8,31,6,84
2001,30,1,30,1,642
2001,30,1,30,3,24
2001,30,1,31,1,9
2001,30,2,29,6,6
2001,30,2,30,2,744
2001,30,2,30,3,18
2001,30,3,29,4,9
2001,30,3,29,6,27
2001,30,3,29,8,12
2001,30,3,30,1,18
2001,30,3,30,2,18
2001,30,3,30,3,3063
2001,30,3,30,4,30
2001,30,3,30,5,159
2001,30,3,30,6,60
2001,30,3,31,2,9
2001,30,4,30,3,30
2001,30,4,30,4,1839
2001,30,4,30,5,21
2001,30,4,30,6,21
2001,30,5,29,4,6
2001,30,5,29,6,9
2001,30,5,30,3,249
2001,30,5,30,4,24
2001,30,5,30,5,618
2001,30,5,30,6,102
2001,30,5,31,2,15
2001,30,6,30,3,12
2001,30,6,30,4,42
2001,30,6,30,5,12
2001,30,6,30,6,5622
2001,30,6,30,7,27
2001,30,6,30,8,15
2001,30,6,31,2,27
2001,30,6,31,6,6
2001,30,7,30,6,9
2001,30,7,30,7,114
2001,30,8,30,6,18
2001,30,8,30,8,42
2001,31,1,29,4,9
2001,31,1,29,5,9
2001,31,1,29,6,9
2001,31,1,29,8,75
2001,31,1,30,1,9
2001,31,1,31,1,1152
2001,31,1,31,6,60
2001,31,2,30,6,9
2001,31,2,31,2,1665
2001,31,2,31,3,27
2001,31,2,31,5,12
2001,31,3,30,6,24
2001,31,3,31,2,24
2001,31,3,31,3,1275
2001,31,3,31,5,36
2001,31,3,31,6,120
2001,31,3,31,7,12
2001,31,4,31,4,1461
2001,31,4,31,5,450
2001,31,4,31,6,150
2001,31,4,31,7,9
2001,31,4,31,8,60
2001,31,4,31,9,21
2001,31,4,31,10,6
2001,31,4,31,12,6
2001,31,5,29,8,12
2001,31,5,30,1,6
2001,31,5,31,2,54
2001,31,5,31,3,12
2001,31,5,31,4,360
2001,31,5,31,5,15933
2001,31,5,31,6,129
2001,31,5,31,7,129
2001,31,5,31,8,861
2001,31,5,31,9,18
2001,31,5,31,10,147
2001,31,5,31,11,6
2001,31,5,31,12,87
2001,31,6,29,4,9
2001,31,6,29,6,21
2001,31,6,29,8,42
2001,31,6,30,1,6
2001,31,6,31,1,132
2001,31,6,31,2,9
2001,31,6,31,3,54
2001,31,6,31,4,87
2001,31,6,31,5,93
2001,31,6,31,6,4785
2001,31,6,31,7,6
2001,31,6,31,8,18
2001,31,6,31,9,18
2001,31,7,31,2,18
2001,31,7,31,3,21
2001,31,7,31,4,21
2001,31,7,31,5,273
2001,31,7,31,6,15
2001,31,7,31,7,1605
2001,31,7,31,8,69
2001,31,7,31,11,18
2001,31,7,31,12,30
2001,31,8,31,3,9
2001,31,8,31,4,21
2001,31,8,31,5,543
2001,31,8,31,6,9
2001,31,8,31,7,51
2001,31,8,31,8,705
2001,31,8,31,12,27
2001,31,9,31,4,63
2001,31,9,31,5,42
2001,31,9,31,6,45
2001,31,9,31,8,6
2001,31,9,31,9,666
2001,31,10,31,4,6
2001,31,10,31,5,123
2001,31,10,31,8,18
2001,31,10,31,10,615
2001,31,11,31,5,21
2001,31,11,31,7,27
2001,31,11,31,8,9
2001,31,11,31,11,528
2001,31,11,31,12,42
2001,31,12,31,2,21
2001,31,12,31,5,270
2001,31,12,31,6,15
2001,31,12,31,7,48
2001,31,12,31,8,93
2001,31,12,31,10,6
2001,31,12,31,11,21
2001,31,12,31,12,1995
2006,1,1,1,1,4749
2006,1,1,1,2,24
2006,1,1,1,3,12
2006,1,1,1,4,30
2006,1,1,1,5,39
2006,1,1,1,6,12
2006,1,1,1,7,9
2006,1,1,2,5,45
2006,1,2,1,1,33
2006,1,2,1,2,579
2006,1,2,1,4,30
2006,1,2,1,5,192
2006,1,2,1,7,18
2006,1,2,2,5,15
2006,1,3,1,1,48
2006,1,3,1,3,354
2006,1,3,1,4,42
2006,1,3,1,5,21
2006,1,3,2,5,6
2006,1,4,1,1,21
2006,1,4,1,4,2208
2006,1,4,1,5,201
2006,1,4,1,6,105
2006,1,4,1,7,72
2006,1,4,2,5,42
2006,1,4,2,6,12
2006,1,5,1,1,45
2006,1,5,1,2,69
2006,1,5,1,3,6
2006,1,5,1,4,309
2006,1,5,1,5,3870
2006,1,5,1,6,90
2006,1,5,1,7,207
2006,1,5,2,5,66
2006,1,5,2,6,9
2006,1,6,1,1,6
2006,1,6,1,3,6
2006,1,6,1,4,63
2006,1,6,1,5,114
2006,1,6,1,6,1260
2006,1,6,1,7,138
2006,1,6,2,1,6
2006,1,6,2,3,9
2006,1,6,2,5,102
2006,1,7,1,3,9
2006,1,7,1,4,54
2006,1,7,1,5,171
2006,1,7,1,6,81
2006,1,7,1,7,837
2006,1,7,2,5,33
2006,2,1,1,4,6
2006,2,1,2,1,687
2006,2,1,2,2,30
2006,2,1,2,3,15
2006,2,1,2,4,18
2006,2,1,2,5,972
2006,2,1,2,6,9
2006,2,1,2,7,6
2006,2,2,2,2,1689
2006,2,2,2,4,36
2006,2,2,2,5,624
2006,2,2,2,6,9
2006,2,2,2,7,66
2006,2,2,2,8,24
2006,2,2,3,2,18
2006,2,2,3,3,12
2006,2,2,3,4,15
2006,2,3,1,6,9
2006,2,3,2,1,15
2006,2,3,2,2,21
2006,2,3,2,3,798
2006,2,3,2,5,993
2006,2,3,3,2,9
2006,2,3,3,3,9
2006,2,4,2,1,24
2006,2,4,2,2,51
2006,2,4,2,3,12
2006,2,4,2,4,687
2006,2,4,2,5,1047
2006,2,4,2,6,24
2006,2,4,3,1,9
2006,2,4,3,3,6
2006,2,5,1,1,27
2006,2,5,1,4,54
2006,2,5,1,5,21
2006,2,5,1,6,48
2006,2,5,1,7,18
2006,2,5,2,1,141
2006,2,5,2,2,408
2006,2,5,2,3,150
2006,2,5,2,4,132
2006,2,5,2,5,15834
2006,2,5,2,6,93
2006,2,5,2,7,39
2006,2,5,2,8,24
2006,2,5,3,1,30
2006,2,5,3,2,36
2006,2,5,3,3,75
2006,2,5,3,4,57
2006,2,6,1,4,6
2006,2,6,1,6,9
2006,2,6,2,2,6
2006,2,6,2,5,147
2006,2,6,2,6,3186
2006,2,6,2,7,39
2006,2,6,2,8,9
2006,2,6,3,2,9
2006,2,6,3,3,12
2006,2,6,3,4,12
2006,2,7,2,2,33
2006,2,7,2,5,84
2006,2,7,2,6,87
2006,2,7,2,7,2502
2006,2,7,2,8,270
2006,2,7,3,1,18
2006,2,7,3,2,42
2006,2,7,3,3,39
2006,2,7,3,4,24
2006,2,8,2,2,6
2006,2,8,2,5,21
2006,2,8,2,7,105
2006,2,8,2,8,6072
2006,2,8,3,1,108
2006,2,8,3,2,858
2006,2,8,3,3,282
2006,2,8,3,4,165
2006,2,8,5,1,6
2006,3,1,2,5,45
2006,3,1,2,6,12
2006,3,1,2,7,9
2006,3,1,2,8,105
2006,3,1,3,1,44961
2006,3,1,3,2,5874
2006,3,1,3,3,26466
2006,3,1,3,4,10413
2006,3,1,4,1,33
2006,3,1,5,1,108
2006,3,1,5,7,36
2006,3,1,6,1,27
2006,3,1,6,5,63
2006,3,1,6,7,12
2006,3,1,8,1,9
2006,3,2,2,2,15
2006,3,2,2,5,48
2006,3,2,2,6,9
2006,3,2,2,7,21
2006,3,2,2,8,444
2006,3,2,3,1,3669
2006,3,2,3,2,73848
2006,3,2,3,3,24663
2006,3,2,3,4,7575
2006,3,2,4,1,63
2006,3,2,4,3,6
2006,3,2,5,1,120
2006,3,2,5,3,6
2006,3,2,5,4,6
2006,3,2,5,7,45
2006,3,2,6,1,18
2006,3,2,6,5,84
2006,3,2,6,7,6
2006,3,2,8,1,6
2006,3,2,8,4,6
2006,3,3,2,2,12
2006,3,3,2,5,87
2006,3,3,2,6,15
2006,3,3,2,7,15
2006,3,3,2,8,138
2006,3,3,3,1,6285
2006,3,3,3,2,6057
2006,3,3,3,3,88074
2006,3,3,3,4,24168
2006,3,3,4,1,63
2006,3,3,5,1,291
2006,3,3,5,2,12
2006,3,3,5,3,9
2006,3,3,5,4,15
2006,3,3,5,5,6
2006,3,3,5,6,6
2006,3,3,5,7,96
2006,3,3,6,1,27
2006,3,3,6,5,111
2006,3,3,6,7,9
2006,3,3,6,8,6
2006,3,3,6,12,9
2006,3,3,6,13,6
2006,3,3,8,1,12
2006,3,4,2,2,12
2006,3,4,2,5,51
2006,3,4,2,6,12
2006,3,4,2,7,12
2006,3,4,2,8,102
2006,3,4,3,1,2499
2006,3,4,3,2,2883
2006,3,4,3,3,27504
2006,3,4,3,4,122619
2006,3,4,4,1,42
2006,3,4,5,1,1077
2006,3,4,5,2,87
2006,3,4,5,3,72
2006,3,4,5,4,141
2006,3,4,5,5,54
2006,3,4,5,6,6
2006,3,4,5,7,474
2006,3,4,5,8,18
2006,3,4,5,9,15
2006,3,4,6,1,54
2006,3,4,6,5,138
2006,3,4,6,7,24
2006,3,4,6,8,6
2006,3,4,6,12,12
2006,3,4,8,1,12
2006,3,4,8,3,6
2006,3,4,8,4,15
2006,3,4,8,5,9
2006,3,4,9,1,6
2006,3,4,9,4,24
2006,3,4,9,5,36
2006,4,1,3,1,39
2006,4,1,3,2,51
2006,4,1,3,3,600
2006,4,1,3,4,108
2006,4,1,4,1,2127
2006,4,1,4,2,12
2006,4,1,5,1,6
2006,4,2,4,2,15
2006,4,3,3,4,9
2006,4,3,4,3,264
2006,5,1,3,1,30
2006,5,1,3,2,45
2006,5,1,3,3,363
2006,5,1,3,4,1914
2006,5,1,5,1,3387
2006,5,1,5,2,129
2006,5,1,5,3,138
2006,5,1,5,4,105
2006,5,1,5,5,33
2006,5,1,5,7,246
2006,5,1,5,8,30
2006,5,1,5,9,27
2006,5,1,6,1,12
2006,5,1,6,5,15
2006,5,2,3,1,15
2006,5,2,3,2,18
2006,5,2,3,3,87
2006,5,2,3,4,459
2006,5,2,5,1,399
2006,5,2,5,2,522
2006,5,2,5,3,15
2006,5,2,5,4,57
2006,5,2,5,5,6
2006,5,2,5,7,42
2006,5,2,5,8,15
2006,5,2,5,9,30
2006,5,2,6,5,12
2006,5,3,3,3,45
2006,5,3,3,4,315
2006,5,3,5,1,204
2006,5,3,5,2,9
2006,5,3,5,3,366
2006,5,3,5,7,69
2006,5,4,3,1,12
2006,5,4,3,2,9
2006,5,4,3,3,75
2006,5,4,3,4,384
2006,5,4,5,1,174
2006,5,4,5,2,30
2006,5,4,5,3,6
2006,5,4,5,4,402
2006,5,4,5,5,12
2006,5,4,5,7,15
2006,5,4,5,9,9
2006,5,4,6,1,9
2006,5,4,6,5,9
2006,5,5,3,1,6
2006,5,5,3,3,51
2006,5,5,3,4,192
2006,5,5,5,1,84
2006,5,5,5,2,12
2006,5,5,5,4,27
2006,5,5,5,5,537
2006,5,5,5,7,9
2006,5,5,6,1,9
2006,5,5,6,5,6
2006,5,5,8,4,12
2006,5,5,8,5,9
2006,5,6,3,3,12
2006,5,6,3,4,36
2006,5,6,5,1,6
2006,5,6,5,5,9
2006,5,6,5,6,132
2006,5,6,8,4,6
2006,5,7,3,1,33
2006,5,7,3,2,33
2006,5,7,3,3,201
2006,5,7,3,4,1257
2006,5,7,5,1,501
2006,5,7,5,2,27
2006,5,7,5,3,57
2006,5,7,5,4,9
2006,5,7,5,5,9
2006,5,7,5,7,2577
2006,5,7,5,8,66
2006,5,8,3,3,42
2006,5,8,3,4,183
2006,5,8,5,1,174
2006,5,8,5,2,12
2006,5,8,5,3,12
2006,5,8,5,7,183
2006,5,8,5,8,393
2006,5,9,3,1,9
2006,5,9,3,2,9
2006,5,9,3,3,51
2006,5,9,3,4,312
2006,5,9,5,1,258
2006,5,9,5,2,81
2006,5,9,5,4,33
2006,5,9,5,5,9
2006,5,9,5,7,27
2006,5,9,5,9,621
2006,5,9,6,1,15
2006,5,9,6,5,9
2006,6,1,3,1,21
2006,6,1,3,2,15
2006,6,1,3,3,69
2006,6,1,3,4,282
2006,6,1,5,1,57
2006,6,1,5,2,9
2006,6,1,5,4,15
2006,6,1,5,5,27
2006,6,1,5,7,12
2006,6,1,5,9,6
2006,6,1,6,1,5145
2006,6,1,6,2,42
2006,6,1,6,5,2907
2006,6,1,6,6,18
2006,6,1,6,7,51
2006,6,1,6,8,15
2006,6,1,6,9,15
2006,6,1,6,10,9
2006,6,1,6,11,6
2006,6,1,6,12,87
2006,6,1,7,4,6
2006,6,1,8,4,12
2006,6,1,8,5,9
2006,6,1,9,5,6
2006,6,2,3,3,9
2006,6,2,6,1,27
2006,6,2,6,2,912
2006,6,2,6,5,468
2006,6,2,6,7,12
2006,6,2,6,8,12
2006,6,2,6,11,9
2006,6,3,6,3,207
2006,6,3,6,5,246
2006,6,3,6,7,9
2006,6,3,6,8,42
2006,6,3,6,11,12
2006,6,4,6,1,6
2006,6,4,6,4,210
2006,6,4,6,5,429
2006,6,4,6,7,57
2006,6,4,6,8,6
2006,6,4,6,12,15
2006,6,5,3,1,30
2006,6,5,3,2,87
2006,6,5,3,3,210
2006,6,5,3,4,252
2006,6,5,5,1,18
2006,6,5,5,4,9
2006,6,5,5,7,6
2006,6,5,5,9,9
2006,6,5,6,1,1020
2006,6,5,6,2,27
2006,6,5,6,3,9
2006,6,5,6,4,66
2006,6,5,6,5,46059
2006,6,5,6,6,198
2006,6,5,6,7,1092
2006,6,5,6,8,492
2006,6,5,6,9,30
2006,6,5,6,10,93
2006,6,5,6,11,144
2006,6,5,6,12,504
2006,6,5,6,13,45
2006,6,5,7,2,12
2006,6,5,7,3,81
2006,6,5,7,4,72
2006,6,5,7,10,18
2006,6,5,8,1,12
2006,6,5,8,2,15
2006,6,5,8,4,33
2006,6,5,8,5,6
2006,6,5,8,6,12
2006,6,5,8,7,24
2006,6,5,9,2,9
2006,6,5,9,4,36
2006,6,5,9,5,42
2006,6,5,11,4,6
2006,6,6,6,1,15
2006,6,6,6,4,9
2006,6,6,6,5,375
2006,6,6,6,6,387
2006,6,6,6,7,33
2006,6,6,6,8,12
2006,6,6,6,12,36
2006,6,7,3,1,9
2006,6,7,3,2,15
2006,6,7,3,3,39
2006,6,7,3,4,45
2006,6,7,6,1,60
2006,6,7,6,4,33
2006,6,7,6,5,3129
2006,6,7,6,6,30
2006,6,7,6,7,6225
2006,6,7,6,8,315
2006,6,7,6,10,12
2006,6,7,6,11,48
2006,6,7,6,12,138
2006,6,7,6,13,75
2006,6,7,7,3,123
2006,6,7,7,4,12
2006,6,7,8,4,9
2006,6,7,9,4,9
2006,6,7,9,5,18
2006,6,8,3,1,6
2006,6,8,3,2,6
2006,6,8,3,3,15
2006,6,8,3,4,24
2006,6,8,6,1,42
2006,6,8,6,4,6
2006,6,8,6,5,1605
2006,6,8,6,6,9
2006,6,8,6,7,315
2006,6,8,6,8,4629
2006,6,8,6,10,21
2006,6,8,6,11,417
2006,6,8,6,12,21
2006,6,8,6,13,9
2006,6,8,7,3,27
2006,6,8,7,4,6
2006,6,9,3,4,6
2006,6,9,6,1,30
2006,6,9,6,5,348
2006,6,9,6,9,159
2006,6,10,6,1,6
2006,6,10,6,5,447
2006,6,10,6,7,36
2006,6,10,6,8,45
2006,6,10,6,10,393
2006,6,10,6,11,6
2006,6,11,3,4,9
2006,6,11,6,1,12
2006,6,11,6,5,210
2006,6,11,6,7,33
2006,6,11,6,8,285
2006,6,11,6,11,6504
2006,6,11,7,2,9
2006,6,11,7,3,9
2006,6,11,15,1,18
2006,6,11,15,2,6
2006,6,12,3,2,6
2006,6,12,3,3,18
2006,6,12,3,4,21
2006,6,12,6,1,57
2006,6,12,6,5,684
2006,6,12,6,6,15
2006,6,12,6,7,78
2006,6,12,6,8,15
2006,6,12,6,11,6
2006,6,12,6,12,6498
2006,6,12,6,13,273
2006,6,12,7,3,9
2006,6,12,7,4,12
2006,6,12,8,4,21
2006,6,12,8,5,15
2006,6,12,8,7,75
2006,6,12,9,4,6
2006,6,12,9,5,12
2006,6,13,3,3,9
2006,6,13,3,4,15
2006,6,13,6,5,90
2006,6,13,6,7,45
2006,6,13,6,12,231
2006,6,13,6,13,3381
2006,6,13,7,3,96
2006,6,13,7,4,18
2006,6,13,8,7,6
2006,6,13,9,4,18
2006,6,13,9,5,33
2006,7,1,6,5,6
2006,7,1,7,1,1290
2006,7,1,7,2,30
2006,7,1,7,4,6
2006,7,1,7,10,150
2006,7,1,16,2,6
2006,7,2,6,5,12
2006,7,2,6,11,48
2006,7,2,7,1,66
2006,7,2,7,2,2724
2006,7,2,16,2,15
2006,7,3,3,4,9
2006,7,3,6,5,144
2006,7,3,6,7,90
2006,7,3,6,8,33
2006,7,3,6,11,27
2006,7,3,6,12,36
2006,7,3,6,13,153
2006,7,3,7,2,6
2006,7,3,7,3,6237
2006,7,3,7,4,141
2006,7,3,7,9,21
2006,7,3,7,10,48
2006,7,3,8,4,6
2006,7,3,9,4,15
2006,7,3,9,5,27
2006,7,3,11,4,15
2006,7,4,6,1,9
2006,7,4,6,5,60
2006,7,4,6,7,12
2006,7,4,6,8,6
2006,7,4,6,11,21
2006,7,4,6,13,12
2006,7,4,7,1,9
2006,7,4,7,3,180
2006,7,4,7,4,20172
2006,7,4,7,5,51
2006,7,4,7,6,78
2006,7,4,7,7,186
2006,7,4,7,8,12
2006,7,4,7,10,87
2006,7,4,9,2,63
2006,7,4,9,4,93
2006,7,4,9,5,129
2006,7,4,11,1,39
2006,7,4,11,2,30
2006,7,4,11,3,12
2006,7,4,11,4,195
2006,7,4,11,5,9
2006,7,5,7,4,99
2006,7,5,7,5,687
2006,7,5,7,7,36
2006,7,5,7,10,12
2006,7,5,9,4,9
2006,7,5,11,1,9
2006,7,5,11,3,9
2006,7,5,11,4,12
2006,7,5,12,7,6
2006,7,6,7,4,351
2006,7,6,7,5,9
2006,7,6,7,6,237
2006,7,6,7,7,27
2006,7,6,7,10,6
2006,7,7,7,3,27
2006,7,7,7,4,339
2006,7,7,7,5,12
2006,7,7,7,7,1140
2006,7,7,7,10,78
2006,7,8,7,4,21
2006,7,8,7,8,27
2006,7,9,6,5,9
2006,7,9,6,11,24
2006,7,9,7,3,54
2006,7,9,7,4,6
2006,7,9,7,9,549
2006,7,9,7,10,120
2006,7,9,11,4,6
2006,7,10,6,5,33
2006,7,10,6,7,6
2006,7,10,6,11,9
2006,7,10,7,1,192
2006,7,10,7,2,9
2006,7,10,7,3,93
2006,7,10,7,4,84
2006,7,10,7,5,6
2006,7,10,7,7,90
2006,7,10,7,9,72
2006,7,10,7,10,8958
2006,7,10,9,4,9
2006,7,10,9,5,9
2006,7,10,13,1,9
2006,7,10,13,2,9
2006,7,10,16,2,9
2006,8,1,3,2,15
2006,8,1,3,3,30
2006,8,1,3,4,33
2006,8,1,6,1,6
2006,8,1,6,5,12
2006,8,1,8,1,3198
2006,8,1,8,2,15
2006,8,1,8,3,27
2006,8,1,8,4,93
2006,8,1,8,7,18
2006,8,2,3,4,6
2006,8,2,6,5,9
2006,8,2,8,2,1002
2006,8,2,8,3,9
2006,8,2,8,4,42
2006,8,2,8,6,12
2006,8,2,8,7,24
2006,8,3,3,3,9
2006,8,3,3,4,12
2006,8,3,6,5,6
2006,8,3,8,1,27
2006,8,3,8,2,15
2006,8,3,8,3,474
2006,8,3,8,4,63
2006,8,4,3,1,9
2006,8,4,3,2,15
2006,8,4,3,3,21
2006,8,4,3,4,72
2006,8,4,5,1,6
2006,8,4,5,5,12
2006,8,4,6,5,27
2006,8,4,6,12,18
2006,8,4,7,3,6
2006,8,4,7,4,6
2006,8,4,8,1,51
2006,8,4,8,2,78
2006,8,4,8,3,39
2006,8,4,8,4,3819
2006,8,4,8,5,96
2006,8,4,8,7,135
2006,8,4,9,5,9
2006,8,5,3,3,6
2006,8,5,3,4,33
2006,8,5,5,1,9
2006,8,5,5,5,18
2006,8,5,5,6,6
2006,8,5,6,5,27
2006,8,5,6,12,48
2006,8,5,8,1,12
2006,8,5,8,4,282
2006,8,5,8,5,1080
2006,8,5,8,7,90
2006,8,6,3,2,9
2006,8,6,3,3,9
2006,8,6,3,4,15
2006,8,6,6,1,6
2006,8,6,6,5,27
2006,8,6,6,12,21
2006,8,6,8,2,12
2006,8,6,8,4,30
2006,8,6,8,5,6
2006,8,6,8,6,1725
2006,8,6,8,7,195
2006,8,6,9,1,150
2006,8,6,9,3,12
2006,8,6,9,4,12
2006,8,6,9,5,48
2006,8,7,3,2,9
2006,8,7,3,3,12
2006,8,7,3,4,27
2006,8,7,6,5,36
2006,8,7,6,12,135
2006,8,7,8,1,6
2006,8,7,8,2,36
2006,8,7,8,4,189
2006,8,7,8,5,48
2006,8,7,8,6,249
2006,8,7,8,7,1653
2006,8,7,9,1,18
2006,8,7,9,5,6
2006,9,1,3,3,12
2006,9,1,3,4,12
2006,9,1,6,5,9
2006,9,1,7,4,12
2006,9,1,8,6,75
2006,9,1,8,7,27
2006,9,1,9,1,2250
2006,9,1,9,2,9
2006,9,1,9,3,93
2006,9,1,9,4,111
2006,9,1,9,5,327
2006,9,1,11,3,6
2006,9,2,6,5,12
2006,9,2,7,3,6
2006,9,2,7,4,147
2006,9,2,9,1,9
2006,9,2,9,2,4140
2006,9,2,9,3,21
2006,9,2,9,4,669
2006,9,2,9,5,585
2006,9,2,9,7,36
2006,9,2,11,1,33
2006,9,2,11,2,33
2006,9,2,11,3,12
2006,9,2,11,4,27
2006,9,3,3,3,12
2006,9,3,3,4,18
2006,9,3,6,5,21
2006,9,3,6,7,6
2006,9,3,6,13,9
2006,9,3,7,3,6
2006,9,3,7,4,24
2006,9,3,8,6,15
2006,9,3,8,7,6
2006,9,3,9,1,159
2006,9,3,9,2,39
2006,9,3,9,3,2124
2006,9,3,9,4,489
2006,9,3,9,5,1677
2006,9,3,9,7,21
2006,9,3,11,3,33
2006,9,4,3,4,33
2006,9,4,6,5,69
2006,9,4,6,7,15
2006,9,4,6,8,9
2006,9,4,6,11,9
2006,9,4,6,12,9
2006,9,4,6,13,27
2006,9,4,7,3,36
2006,9,4,7,4,123
2006,9,4,7,7,6
2006,9,4,7,10,12
2006,9,4,8,1,6
2006,9,4,8,4,6
2006,9,4,9,1,27
2006,9,4,9,2,690
2006,9,4,9,3,153
2006,9,4,9,4,8103
2006,9,4,9,5,3963
2006,9,4,9,7,63
2006,9,4,11,1,18
2006,9,4,11,2,15
2006,9,4,11,3,36
2006,9,4,11,4,39
2006,9,5,3,3,12
2006,9,5,3,4,84
2006,9,5,6,1,6
2006,9,5,6,5,87
2006,9,5,6,7,12
2006,9,5,6,8,6
2006,9,5,6,11,6
2006,9,5,6,12,15
2006,9,5,6,13,63
2006,9,5,7,3,51
2006,9,5,7,4,159
2006,9,5,7,10,18
2006,9,5,8,2,6
2006,9,5,8,4,12
2006,9,5,8,6,21
2006,9,5,9,1,129
2006,9,5,9,2,324
2006,9,5,9,3,822
2006,9,5,9,4,3879
2006,9,5,9,5,17760
2006,9,5,9,7,186
2006,9,5,11,1,18
2006,9,5,11,2,9
2006,9,5,11,3,87
2006,9,5,11,4,18
2006,9,5,11,5,6
2006,9,6,9,6,57
2006,9,7,6,5,9
2006,9,7,6,13,18
2006,9,7,7,3,6
2006,9,7,7,4,27
2006,9,7,9,1,18
2006,9,7,9,2,39
2006,9,7,9,3,69
2006,9,7,9,4,294
2006,9,7,9,5,993
2006,9,7,9,7,885
2006,9,7,11,3,12
2006,10,1,10,1,2625
2006,10,1,10,4,132
2006,10,1,10,5,21
2006,10,1,10,6,471
2006,10,1,10,7,51
2006,10,1,10,8,15
2006,10,1,10,9,6
2006,10,1,14,2,6
2006,10,1,14,6,15
2006,10,1,16,3,207
2006,10,1,16,5,12
2006,10,1,16,7,72
2006,10,2,10,2,3798
2006,10,2,10,3,6
2006,10,2,10,4,9
2006,10,2,10,5,18
2006,10,2,10,6,225
2006,10,2,10,11,132
2006,10,2,13,1,9
2006,10,2,13,2,6
2006,10,2,13,9,99
2006,10,3,10,2,18
2006,10,3,10,3,210
2006,10,4,10,1,246
2006,10,4,10,2,24
2006,10,4,10,4,4203
2006,10,4,10,5,123
2006,10,4,10,6,2514
2006,10,4,10,7,105
2006,10,4,10,8,30
2006,10,4,10,9,75
2006,10,4,10,11,12
2006,10,4,14,2,6
2006,10,4,14,6,15
2006,10,4,16,3,33
2006,10,4,16,6,9
2006,10,4,16,7,36
2006,10,4,17,2,9
2006,10,5,10,1,12
2006,10,5,10,2,27
2006,10,5,10,4,45
2006,10,5,10,5,1089
2006,10,5,10,6,876
2006,10,5,10,8,21
2006,10,5,10,9,9
2006,10,5,10,11,12
2006,10,5,14,3,9
2006,10,5,16,3,6
2006,10,5,16,6,30
2006,10,6,10,1,273
2006,10,6,10,2,84
2006,10,6,10,4,690
2006,10,6,10,5,1593
2006,10,6,10,6,25926
2006,10,6,10,7,75
2006,10,6,10,8,216
2006,10,6,10,9,144
2006,10,6,10,10,18
2006,10,6,10,11,78
2006,10,6,13,1,15
2006,10,6,13,2,21
2006,10,6,13,9,15
2006,10,6,14,2,36
2006,10,6,14,3,12
2006,10,6,14,4,27
2006,10,6,14,5,27
2006,10,6,14,6,117
2006,10,6,16,2,6
2006,10,6,16,3,90
2006,10,6,16,5,9
2006,10,6,16,6,39
2006,10,6,16,7,9
2006,10,6,17,2,15
2006,10,6,17,7,9
2006,10,7,10,1,57
2006,10,7,10,4,123
2006,10,7,10,5,36
2006,10,7,10,6,684
2006,10,7,10,7,783
2006,10,7,10,8,63
2006,10,7,10,9,21
2006,10,7,16,3,9
2006,10,8,10,1,30
2006,10,8,10,4,33
2006,10,8,10,5,63
2006,10,8,10,6,708
2006,10,8,10,7,15
2006,10,8,10,8,7695
2006,10,8,10,9,12
2006,10,8,10,10,9
2006,10,8,14,2,444
2006,10,8,14,3,6
2006,10,8,14,4,72
2006,10,8,14,5,42
2006,10,8,14,6,168
2006,10,8,16,3,12
2006,10,8,18,1,6
2006,10,9,10,1,9
2006,10,9,10,4,45
2006,10,9,10,5,24
2006,10,9,10,6,447
2006,10,9,10,7,12
2006,10,9,10,9,342
2006,10,9,14,6,6
2006,10,10,10,5,9
2006,10,10,10,6,87
2006,10,10,10,8,12
2006,10,10,10,10,108
2006,10,11,10,2,72
2006,10,11,10,4,9
2006,10,11,10,5,15
2006,10,11,10,6,168
2006,10,11,10,11,1926
2006,10,11,14,5,9
2006,10,11,14,6,6
2006,10,11,17,2,51
2006,10,11,17,3,9
2006,11,1,7,3,6
2006,11,1,7,4,45
2006,11,1,7,5,15
2006,11,1,7,10,6
2006,11,1,9,2,15
2006,11,1,9,4,24
2006,11,1,9,5,33
2006,11,1,11,1,5046
2006,11,1,11,2,330
2006,11,1,11,3,66
2006,11,1,11,4,609
2006,11,1,11,5,90
2006,11,2,6,5,9
2006,11,2,7,4,21
2006,11,2,7,5,6
2006,11,2,9,2,18
2006,11,2,9,4,15
2006,11,2,9,5,15
2006,11,2,11,1,633
2006,11,2,11,2,1278
2006,11,2,11,3,18
2006,11,2,11,4,336
2006,11,2,11,5,18
2006,11,3,7,4,9
2006,11,3,7,5,6
2006,11,3,9,5,6
2006,11,3,11,1,279
2006,11,3,11,2,30
2006,11,3,11,3,486
2006,11,3,11,4,45
2006,11,3,11,5,42
2006,11,4,6,5,6
2006,11,4,7,4,60
2006,11,4,7,5,12
2006,11,4,9,2,18
2006,11,4,9,4,15
2006,11,4,9,5,12
2006,11,4,11,1,327
2006,11,4,11,2,141
2006,11,4,11,3,21
2006,11,4,11,4,1905
2006,11,4,11,5,9
2006,11,5,7,4,12
2006,11,5,9,2,6
2006,11,5,11,1,147
2006,11,5,11,2,15
2006,11,5,11,3,9
2006,11,5,11,4,24
2006,11,5,11,5,2241
2006,12,1,12,1,747
2006,12,1,12,4,27
2006,12,1,12,6,15
2006,12,2,12,2,519
2006,12,2,12,3,36
2006,12,2,12,4,168
2006,12,2,12,6,12
2006,12,3,12,2,15
2006,12,3,12,3,756
2006,12,3,12,4,513
2006,12,3,12,6,18
2006,12,3,12,7,9
2006,12,4,12,1,33
2006,12,4,12,2,54
2006,12,4,12,3,624
2006,12,4,12,4,9372
2006,12,4,12,5,15
2006,12,4,12,6,150
2006,12,4,12,7,27
2006,12,4,13,1,9
2006,12,4,13,2,6
2006,12,5,12,3,9
2006,12,5,12,4,138
2006,12,5,12,5,57
2006,12,6,12,1,12
2006,12,6,12,2,12
2006,12,6,12,3,39
2006,12,6,12,4,354
2006,12,6,12,6,579
2006,12,7,12,3,9
2006,12,7,12,4,24
2006,12,7,12,7,2706
2006,12,7,13,1,21
2006,12,7,13,2,18
2006,12,7,13,4,9
2006,12,7,13,9,15
2006,13,1,10,2,9
2006,13,1,10,6,21
2006,13,1,12,4,9
2006,13,1,12,7,33
2006,13,1,13,1,16575
2006,13,1,13,2,4389
2006,13,1,13,3,183
2006,13,1,13,4,57
2006,13,1,13,5,78
2006,13,1,13,6,84
2006,13,1,13,7,21
2006,13,1,13,8,6
2006,13,1,13,9,102
2006,13,2,7,10,9
2006,13,2,10,2,6
2006,13,2,10,6,24
2006,13,2,12,4,9
2006,13,2,12,7,24
2006,13,2,13,1,2133
2006,13,2,13,2,17181
2006,13,2,13,3,231
2006,13,2,13,4,6
2006,13,2,13,5,102
2006,13,2,13,6,183
2006,13,2,13,7,129
2006,13,2,13,8,18
2006,13,2,13,9,264
2006,13,3,13,1,504
2006,13,3,13,2,831
2006,13,3,13,3,492
2006,13,3,13,5,9
2006,13,3,13,6,18
2006,13,3,13,9,9
2006,13,4,13,1,171
2006,13,4,13,2,39
2006,13,4,13,4,303
2006,13,5,13,1,393
2006,13,5,13,2,276
2006,13,5,13,3,9
2006,13,5,13,5,777
2006,13,5,13,6,15
2006,13,5,13,9,6
2006,13,6,13,1,54
2006,13,6,13,2,171
2006,13,6,13,6,309
2006,13,6,13,7,9
2006,13,6,13,9,9
2006,13,7,13,1,45
2006,13,7,13,2,255
2006,13,7,13,7,258
2006,13,7,13,9,42
2006,13,8,13,1,45
2006,13,8,13,2,189
2006,13,8,13,8,189
2006,13,9,10,2,54
2006,13,9,10,6,6
2006,13,9,13,1,105
2006,13,9,13,2,435
2006,13,9,13,5,9
2006,13,9,13,6,6
2006,13,9,13,7,18
2006,13,9,13,9,4794
2006,14,2,10,4,6
2006,14,2,10,5,6
2006,14,2,10,6,93
2006,14,2,10,8,306
2006,14,2,14,2,10095
2006,14,2,14,3,162
2006,14,2,14,4,1131
2006,14,2,14,5,726
2006,14,2,14,6,3261
2006,14,2,16,3,6
2006,14,2,17,2,15
2006,14,2,17,5,9
2006,14,2,17,7,15
2006,14,2,18,1,24
2006,14,3,10,5,9
2006,14,3,10,6,12
2006,14,3,14,2,42
2006,14,3,14,3,6972
2006,14,3,14,4,627
2006,14,3,14,5,3837
2006,14,3,14,6,3453
2006,14,3,16,3,6
2006,14,3,17,2,30
2006,14,3,17,5,9
2006,14,3,17,7,21
2006,14,4,10,6,27
2006,14,4,10,8,9
2006,14,4,10,11,9
2006,14,4,14,2,285
2006,14,4,14,3,333
2006,14,4,14,4,10995
2006,14,4,14,5,1800
2006,14,4,14,6,9813
2006,14,4,17,2,30
2006,14,4,17,5,15
2006,14,4,17,7,15
2006,14,5,10,6,21
2006,14,5,10,8,6
2006,14,5,14,2,105
2006,14,5,14,3,1383
2006,14,5,14,4,1479
2006,14,5,14,5,23652
2006,14,5,14,6,12126
2006,14,5,16,3,9
2006,14,5,17,2,60
2006,14,5,17,4,9
2006,14,5,17,5,42
2006,14,5,17,7,48
2006,14,5,19,2,9
2006,14,6,10,1,6
2006,14,6,10,6,69
2006,14,6,10,8,27
2006,14,6,14,2,225
2006,14,6,14,3,546
2006,14,6,14,4,3348
2006,14,6,14,5,4653
2006,14,6,14,6,70029
2006,14,6,17,2,126
2006,14,6,17,3,12
2006,14,6,17,4,12
2006,14,6,17,5,87
2006,14,6,17,7,78
2006,14,6,18,4,12
2006,14,6,19,2,9
2006,14,6,19,3,6
2006,14,6,19,5,9
2006,15,1,6,11,12
2006,15,1,15,1,3105
2006,15,1,15,2,2070
2006,15,1,15,3,48
2006,15,1,15,4,96
2006,15,1,15,5,111
2006,15,1,15,8,45
2006,15,2,15,1,1536
2006,15,2,15,2,13926
2006,15,2,15,3,162
2006,15,2,15,4,204
2006,15,2,15,5,243
2006,15,2,15,6,6
2006,15,2,15,7,81
2006,15,2,15,8,159
2006,15,2,16,3,6
2006,15,3,15,1,66
2006,15,3,15,2,636
2006,15,3,15,3,672
2006,15,3,15,4,18
2006,15,3,15,5,12
2006,15,3,15,7,24
2006,15,3,15,8,15
2006,15,4,15,1,231
2006,15,4,15,2,726
2006,15,4,15,3,18
2006,15,4,15,4,1341
2006,15,4,15,5,120
2006,15,4,15,8,57
2006,15,5,15,1,42
2006,15,5,15,2,240
2006,15,5,15,4,48
2006,15,5,15,5,3645
2006,15,5,15,6,24
2006,15,5,15,7,18
2006,15,5,15,8,447
2006,15,6,15,2,12
2006,15,6,15,5,51
2006,15,6,15,6,360
2006,15,6,15,8,9
2006,15,7,15,1,15
2006,15,7,15,2,84
2006,15,7,15,3,21
2006,15,7,15,5,72
2006,15,7,15,7,1428
2006,15,7,15,8,120
2006,15,8,10,6,9
2006,15,8,15,1,21
2006,15,8,15,2,93
2006,15,8,15,5,291
2006,15,8,15,7,18
2006,15,8,15,8,5046
2006,15,8,15,9,30
2006,15,8,16,1,33
2006,15,8,16,3,6
2006,15,9,15,8,84
2006,15,9,15,9,333
2006,15,9,16,1,9
2006,16,1,15,8,42
2006,16,1,16,1,504
2006,16,1,16,3,57
2006,16,2,7,1,6
2006,16,2,7,2,30
2006,16,2,16,2,1242
2006,16,2,16,3,9
2006,16,2,16,6,42
2006,16,2,16,7,12
2006,16,3,7,1,24
2006,16,3,7,2,36
2006,16,3,10,1,174
2006,16,3,10,2,15
2006,16,3,10,4,27
2006,16,3,10,5,12
2006,16,3,10,6,228
2006,16,3,10,8,30
2006,16,3,10,11,18
2006,16,3,14,2,6
2006,16,3,14,4,6
2006,16,3,14,5,6
2006,16,3,15,2,15
2006,16,3,15,4,9
2006,16,3,15,5,9
2006,16,3,15,8,12
2006,16,3,16,1,117
2006,16,3,16,2,24
2006,16,3,16,3,11448
2006,16,3,16,4,90
2006,16,3,16,5,405
2006,16,3,16,6,9
2006,16,3,16,7,18
2006,16,4,10,1,9
2006,16,4,10,6,6
2006,16,4,16,1,9
2006,16,4,16,3,279
2006,16,4,16,4,258
2006,16,4,16,5,15
2006,16,5,10,1,18
2006,16,5,10,6,9
2006,16,5,16,1,9
2006,16,5,16,2,9
2006,16,5,16,3,393
2006,16,5,16,4,9
2006,16,5,16,5,381
2006,16,6,10,5,12
2006,16,6,16,2,57
2006,16,6,16,6,633
2006,16,6,16,7,6
2006,16,7,10,1,78
2006,16,7,10,4,18
2006,16,7,10,6,42
2006,16,7,16,2,60
2006,16,7,16,3,36
2006,16,7,16,5,6
2006,16,7,16,6,63
2006,16,7,16,7,1830
2006,17,1,14,6,9
2006,17,1,17,1,99
2006,17,1,17,2,150
2006,17,1,17,5,6
2006,17,2,10,2,6
2006,17,2,10,6,9
2006,17,2,10,8,6
2006,17,2,10,11,15
2006,17,2,14,2,9
2006,17,2,14,3,30
2006,17,2,14,4,15
2006,17,2,14,5,72
2006,17,2,14,6,159
2006,17,2,17,1,27
2006,17,2,17,2,5712
2006,17,2,17,3,57
2006,17,2,17,4,78
2006,17,2,17,5,315
2006,17,2,17,7,153
2006,17,3,10,11,12
2006,17,3,14,6,18
2006,17,3,17,2,369
2006,17,3,17,3,258
2006,17,3,17,4,6
2006,17,3,17,5,15
2006,17,3,17,7,6
2006,17,4,14,6,15
2006,17,4,17,2,234
2006,17,4,17,4,498
2006,17,4,17,5,12
2006,17,4,17,7,9
2006,17,5,14,3,39
2006,17,5,14,4,6
2006,17,5,14,5,78
2006,17,5,14,6,177
2006,17,5,17,1,9
2006,17,5,17,2,726
2006,17,5,17,3,12
2006,17,5,17,4,12
2006,17,5,17,5,1410
2006,17,5,17,7,228
2006,17,6,17,2,9
2006,17,6,17,6,147
2006,17,6,17,7,39
2006,17,7,14,3,87
2006,17,7,14,4,30
2006,17,7,14,5,144
2006,17,7,14,6,408
2006,17,7,17,2,300
2006,17,7,17,3,6
2006,17,7,17,4,6
2006,17,7,17,5,141
2006,17,7,17,6,12
2006,17,7,17,7,2208
2006,18,1,18,1,1050
2006,18,1,18,2,42
2006,18,1,18,3,15
2006,18,1,18,4,159
2006,18,1,18,5,15
2006,18,1,18,6,105
2006,18,1,18,7,12
2006,18,1,18,8,12
2006,18,1,19,2,36
2006,18,1,19,3,6
2006,18,2,18,1,24
2006,18,2,18,2,756
2006,18,2,18,3,63
2006,18,2,18,4,624
2006,18,2,18,5,21
2006,18,2,18,6,15
2006,18,2,18,7,57
2006,18,2,18,8,18
2006,18,2,18,9,15
2006,18,3,14,6,6
2006,18,3,18,3,267
2006,18,3,18,4,54
2006,18,4,14,6,15
2006,18,4,18,1,81
2006,18,4,18,2,627
2006,18,4,18,3,186
2006,18,4,18,4,8073
2006,18,4,18,5,207
2006,18,4,18,6,135
2006,18,4,18,7,291
2006,18,4,18,8,141
2006,18,4,18,9,39
2006,18,4,19,2,36
2006,18,4,19,3,9
2006,18,5,18,1,12
2006,18,5,18,2,72
2006,18,5,18,3,15
2006,18,5,18,4,528
2006,18,5,18,5,318
2006,18,5,18,6,30
2006,18,5,18,7,24
2006,18,5,18,8,12
2006,18,5,19,2,6
2006,18,6,14,6,9
2006,18,6,18,1,57
2006,18,6,18,2,21
2006,18,6,18,3,9
2006,18,6,18,4,201
2006,18,6,18,5,15
2006,18,6,18,6,1161
2006,18,6,18,7,9
2006,18,6,18,8,12
2006,18,6,19,2,6
2006,18,7,18,2,75
2006,18,7,18,3,12
2006,18,7,18,4,207
2006,18,7,18,5,6
2006,18,7,18,6,9
2006,18,7,18,7,393
2006,18,8,18,2,27
2006,18,8,18,4,159
2006,18,8,18,5,6
2006,18,8,18,7,6
2006,18,8,18,8,552
2006,18,8,21,6,6
2006,18,9,18,2,9
2006,18,9,18,4,75
2006,18,9,18,7,9
2006,18,9,18,9,57
2006,19,1,19,1,1893
2006,19,1,19,2,30
2006,19,1,19,3,12
2006,19,1,19,6,21
2006,19,2,14,6,42
2006,19,2,18,1,30
2006,19,2,18,4,21
2006,19,2,19,1,51
2006,19,2,19,2,14232
2006,19,2,19,3,1707
2006,19,2,19,4,117
2006,19,2,19,5,156
2006,19,2,19,6,117
2006,19,2,19,7,27
2006,19,2,22,2,12
2006,19,3,14,6,18
2006,19,3,18,1,18
2006,19,3,18,4,12
2006,19,3,19,1,24
2006,19,3,19,2,3297
2006,19,3,19,3,3987
2006,19,3,19,4,120
2006,19,3,19,5,228
2006,19,3,19,6,99
2006,19,3,19,7,36
2006,19,3,22,2,6
2006,19,4,19,2,219
2006,19,4,19,3,21
2006,19,4,19,4,117
2006,19,5,18,1,6
2006,19,5,19,1,15
2006,19,5,19,2,828
2006,19,5,19,3,603
2006,19,5,19,4,39
2006,19,5,19,5,1263
2006,19,5,19,6,204
2006,19,5,19,7,15
2006,19,6,18,1,12
2006,19,6,19,1,42
2006,19,6,19,2,381
2006,19,6,19,3,225
2006,19,6,19,4,18
2006,19,6,19,5,120
2006,19,6,19,6,3966
2006,19,6,19,7,18
2006,19,7,19,2,78
2006,19,7,19,3,51
2006,19,7,19,4,6
2006,19,7,19,5,15
2006,19,7,19,6,6
2006,19,7,19,7,930
2006,21,1,18,4,6
2006,21,1,21,1,1485
2006,21,1,21,5,21
2006,21,2,21,2,294
2006,21,2,21,3,6
2006,21,2,21,5,27
2006,21,3,21,2,12
2006,21,3,21,3,111
2006,21,3,21,5,21
2006,21,3,23,1,6
2006,21,3,23,2,6
2006,21,4,21,4,42
2006,21,4,21,5,15
2006,21,5,21,1,9
2006,21,5,21,2,75
2006,21,5,21,3,39
2006,21,5,21,4,12
2006,21,5,21,5,609
2006,21,5,23,1,6
2006,21,5,23,5,6
2006,21,6,21,1,9
2006,21,6,21,6,522
2006,21,6,23,1,12
2006,21,6,23,5,6
2006,22,1,22,1,213
2006,22,1,22,2,12
2006,22,2,22,2,2388
2006,22,2,22,3,12
2006,22,2,22,4,15
2006,22,2,22,5,15
2006,22,3,22,2,39
2006,22,3,22,3,111
2006,22,3,22,4,9
2006,22,3,22,5,48
2006,22,4,22,2,15
2006,22,4,22,4,579
2006,22,4,22,5,24
2006,22,4,22,6,12
2006,22,5,22,2,39
2006,22,5,22,3,15
2006,22,5,22,4,39
2006,22,5,22,5,4335
2006,22,5,22,6,24
2006,22,5,22,7,12
2006,22,5,22,9,87
2006,22,6,22,4,6
2006,22,6,22,5,108
2006,22,6,22,6,222
2006,22,7,22,5,117
2006,22,7,22,7,159
2006,22,7,22,9,21
2006,22,8,22,8,108
2006,22,9,22,2,9
2006,22,9,22,5,210
2006,22,9,22,7,12
2006,22,9,22,9,2148
2006,22,9,22,10,18
2006,22,10,22,9,9
2006,22,10,22,10,825
2006,22,11,22,11,45
2006,22,12,22,12,114
2006,23,1,21,1,6
2006,23,1,21,2,12
2006,23,1,21,3,15
2006,23,1,21,5,18
2006,23,1,21,6,12
2006,23,1,22,5,6
2006,23,1,23,1,11526
2006,23,1,23,2,51
2006,23,1,23,3,2040
2006,23,1,23,4,2895
2006,23,1,23,5,4917
2006,23,1,26,4,9
2006,23,2,23,1,42
2006,23,2,23,2,3738
2006,23,2,23,3,1089
2006,23,2,23,4,435
2006,23,2,23,5,660
2006,23,2,26,1,9
2006,23,2,26,4,42
2006,23,2,26,6,21
2006,23,3,23,1,222
2006,23,3,23,2,273
2006,23,3,23,3,19725
2006,23,3,23,4,5433
2006,23,3,23,5,13437
2006,23,3,23,6,45
2006,23,3,24,1,6
2006,23,3,24,2,6
2006,23,3,24,3,6
2006,23,3,26,1,6
2006,23,3,26,4,60
2006,23,3,26,6,15
2006,23,3,27,1,6
2006,23,3,27,2,9
2006,23,4,21,2,6
2006,23,4,21,5,6
2006,23,4,23,1,636
2006,23,4,23,2,108
2006,23,4,23,3,6957
2006,23,4,23,4,16212
2006,23,4,23,5,14847
2006,23,4,23,6,15
2006,23,4,24,1,9
2006,23,4,26,1,9
2006,23,4,26,4,51
2006,23,4,26,6,9
2006,23,4,27,2,12
2006,23,5,21,2,9
2006,23,5,23,1,864
2006,23,5,23,2,81
2006,23,5,23,3,11307
2006,23,5,23,4,9642
2006,23,5,23,5,51516
2006,23,5,23,6,78
2006,23,5,24,1,9
2006,23,5,24,2,12
2006,23,5,24,3,6
2006,23,5,26,1,9
2006,23,5,26,4,45
2006,23,5,26,5,9
2006,23,5,26,6,12
2006,23,5,27,1,9
2006,23,5,27,2,15
2006,23,6,23,1,6
2006,23,6,23,3,258
2006,23,6,23,4,120
2006,23,6,23,5,564
2006,23,6,23,6,522
2006,23,6,24,1,6
2006,23,6,24,2,9
2006,24,1,23,5,6
2006,24,1,24,1,219
2006,24,1,24,2,18
2006,24,2,23,3,6
2006,24,2,23,5,9
2006,24,2,24,1,99
2006,24,2,24,2,192
2006,24,3,23,5,9
2006,24,3,24,1,18
2006,24,3,24,2,18
2006,24,3,24,3,132
2006,25,1,25,1,225
2006,26,1,23,2,24
2006,26,1,23,3,18
2006,26,1,23,4,6
2006,26,1,23,5,15
2006,26,1,26,1,1479
2006,26,1,26,4,213
2006,26,1,26,5,21
2006,26,1,26,6,42
2006,26,1,27,1,15
2006,26,2,26,2,84
2006,26,2,26,4,132
2006,26,2,26,5,15
2006,26,2,26,6,18
2006,26,3,26,3,39
2006,26,3,26,4,66
2006,26,4,23,2,42
2006,26,4,23,3,51
2006,26,4,23,4,21
2006,26,4,23,5,45
2006,26,4,26,1,72
2006,26,4,26,2,30
2006,26,4,26,3,18
2006,26,4,26,4,5448
2006,26,4,26,5,372
2006,26,4,26,6,285
2006,26,4,27,1,15
2006,26,4,27,2,15
2006,26,5,23,3,9
2006,26,5,23,5,15
2006,26,5,26,1,33
2006,26,5,26,4,483
2006,26,5,26,5,1389
2006,26,5,26,6,36
2006,26,5,27,1,21
2006,26,5,27,2,6
2006,26,6,23,2,42
2006,26,6,23,3,69
2006,26,6,23,4,12
2006,26,6,23,5,33
2006,26,6,26,1,18
2006,26,6,26,4,285
2006,26,6,26,5,24
2006,26,6,26,6,993
2006,27,1,23,3,9
2006,27,1,23,5,15
2006,27,1,26,4,48
2006,27,1,26,5,18
2006,27,1,27,1,3060
2006,27,1,27,2,837
2006,27,1,27,3,69
2006,27,1,27,4,12
2006,27,1,27,5,12
2006,27,1,27,6,9
2006,27,2,23,3,24
2006,27,2,23,4,12
2006,27,2,23,5,21
2006,27,2,26,4,27
2006,27,2,26,5,9
2006,27,2,27,1,546
2006,27,2,27,2,9474
2006,27,2,27,3,192
2006,27,2,27,4,21
2006,27,2,27,5,78
2006,27,2,27,6,15
2006,27,3,23,3,9
2006,27,3,26,4,9
2006,27,3,27,1,153
2006,27,3,27,2,1083
2006,27,3,27,3,879
2006,27,3,27,4,12
2006,27,3,27,5,12
2006,27,4,27,1,12
2006,27,4,27,2,60
2006,27,4,27,3,6
2006,27,4,27,4,1551
2006,27,4,27,7,24
2006,27,5,27,1,9
2006,27,5,27,2,324
2006,27,5,27,3,21
2006,27,5,27,5,2187
2006,27,5,27,6,117
2006,27,5,27,7,24
2006,27,6,27,2,27
2006,27,6,27,5,27
2006,27,6,27,6,6108
2006,27,6,27,7,27
2006,27,6,28,1,27
2006,27,6,28,4,48
2006,27,6,28,5,21
2006,27,6,28,6,12
2006,27,7,27,4,15
2006,27,7,27,5,12
2006,27,7,27,6,45
2006,27,7,27,7,540
2006,28,1,27,6,15
2006,28,1,28,1,939
2006,28,1,28,3,30
2006,28,1,28,4,438
2006,28,1,28,5,144
2006,28,1,28,6,18
2006,28,2,28,2,240
2006,28,2,28,4,12
2006,28,2,28,6,15
2006,28,3,28,1,9
2006,28,3,28,3,336
2006,28,3,28,4,546
2006,28,3,28,5,210
2006,28,3,28,6,27
2006,28,4,27,6,27
2006,28,4,28,1,96
2006,28,4,28,2,6
2006,28,4,28,3,234
2006,28,4,28,4,17205
2006,28,4,28,5,4155
2006,28,4,28,6,768
2006,28,4,28,7,87
2006,28,4,28,8,81
2006,28,4,28,9,9
2006,28,4,29,3,27
2006,28,4,29,5,9
2006,28,4,30,6,6
2006,28,5,27,6,12
2006,28,5,28,1,30
2006,28,5,28,3,120
2006,28,5,28,4,6933
2006,28,5,28,5,5730
2006,28,5,28,6,963
2006,28,5,28,7,18
2006,28,5,28,8,87
2006,28,5,30,6,6
2006,28,6,28,1,12
2006,28,6,28,2,6
2006,28,6,28,3,36
2006,28,6,28,4,1758
2006,28,6,28,5,999
2006,28,6,28,6,2946
2006,28,6,28,8,96
2006,28,7,28,3,6
2006,28,7,28,4,363
2006,28,7,28,5,141
2006,28,7,28,6,21
2006,28,7,28,7,246
2006,28,8,28,4,177
2006,28,8,28,5,84
2006,28,8,28,6,111
2006,28,8,28,8,5178
2006,28,8,28,9,48
2006,28,8,29,3,9
2006,28,8,30,5,12
2006,28,8,30,6,63
2006,28,9,28,4,12
2006,28,9,28,5,12
2006,28,9,28,6,9
2006,28,9,28,8,60
2006,28,9,28,9,1104
2006,28,9,29,1,12
2006,28,9,30,6,60
2006,29,1,28,9,9
2006,29,1,29,1,621
2006,29,1,29,3,51
2006,29,2,28,4,9
2006,29,2,29,2,726
2006,29,2,29,3,24
2006,29,3,28,4,21
2006,29,3,28,5,9
2006,29,3,29,1,12
2006,29,3,29,2,30
2006,29,3,29,3,3618
2006,29,3,29,4,51
2006,29,3,29,5,294
2006,29,3,29,6,75
2006,29,4,29,3,54
2006,29,4,29,4,3117
2006,29,4,29,5,18
2006,29,4,29,6,57
2006,29,5,28,4,12
2006,29,5,29,3,267
2006,29,5,29,4,36
2006,29,5,29,5,909
2006,29,5,29,6,147
2006,29,6,29,3,33
2006,29,6,29,4,60
2006,29,6,29,5,15
2006,29,6,29,6,7263
2006,29,6,29,7,66
2006,29,6,30,1,27
2006,29,7,29,6,51
2006,29,7,29,7,162
2006,30,1,29,6,6
2006,30,1,30,1,1764
2006,30,1,30,2,15
2006,30,1,30,5,24
2006,30,1,30,9,6
2006,30,2,29,6,18
2006,30,2,30,1,21
2006,30,2,30,2,1260
2006,30,2,30,5,18
2006,30,2,30,6,120
2006,30,3,30,3,2085
2006,30,3,30,4,21
2006,30,3,30,5,579
2006,30,3,30,6,144
2006,30,3,30,7,15
2006,30,3,30,8,9
2006,30,4,30,3,21
2006,30,4,30,4,528
2006,30,4,30,5,387
2006,30,4,30,6,6
2006,30,4,30,7,54
2006,30,4,30,9,18
2006,30,5,28,8,12
2006,30,5,30,1,39
2006,30,5,30,2,9
2006,30,5,30,3,354
2006,30,5,30,4,441
2006,30,5,30,5,17388
2006,30,5,30,6,111
2006,30,5,30,7,204
2006,30,5,30,8,177
2006,30,5,30,9,117
2006,30,5,30,10,6
2006,30,6,28,5,6
2006,30,6,28,8,30
2006,30,6,28,9,57
2006,30,6,30,2,42
2006,30,6,30,3,108
2006,30,6,30,4,9
2006,30,6,30,5,123
2006,30,6,30,6,4419
2006,30,7,30,2,27
2006,30,7,30,3,18
2006,30,7,30,4,36
2006,30,7,30,5,285
2006,30,7,30,6,15
2006,30,7,30,7,1626
2006,30,7,30,9,51
2006,30,8,30,3,12
2006,30,8,30,4,9
2006,30,8,30,5,183
2006,30,8,30,8,375
2006,30,9,30,1,18
2006,30,9,30,2,6
2006,30,9,30,4,45
2006,30,9,30,5,339
2006,30,9,30,7,93
2006,30,9,30,9,2490
2006,30,10,30,10,162
2013,1,1,1,1,4797
2013,1,1,1,2,135
2013,1,1,1,3,18
2013,1,1,1,4,6
2013,1,1,1,5,60
2013,1,2,1,1,177
2013,1,2,1,2,9045
2013,1,2,1,3,42
2013,1,2,1,4,297
2013,1,2,1,5,213
2013,1,2,1,6,9
2013,1,2,1,7,9
2013,1,2,1,8,15
2013,1,2,1,9,9
2013,1,3,1,1,39
2013,1,3,1,2,75
2013,1,3,1,3,333
2013,1,4,1,1,15
2013,1,4,1,2,273
2013,1,4,1,3,6
2013,1,4,1,4,1203
2013,1,4,1,5,141
2013,1,4,1,7,9
2013,1,5,1,1,75
2013,1,5,1,2,165
2013,1,5,1,3,6
2013,1,5,1,4,54
2013,1,5,1,5,20358
2013,1,5,1,6,594
2013,1,5,1,7,243
2013,1,5,1,8,168
2013,1,5,1,9,48
2013,1,5,2,1,12
2013,1,5,2,3,6
2013,1,5,2,4,9
2013,1,5,3,1,27
2013,1,5,3,2,87
2013,1,5,3,3,87
2013,1,5,3,4,63
2013,1,6,1,1,6
2013,1,6,1,2,9
2013,1,6,1,5,867
2013,1,6,1,6,1905
2013,1,6,1,7,6
2013,1,6,1,8,12
2013,1,6,1,9,81
2013,1,6,2,1,6
2013,1,6,3,1,9
2013,1,6,3,2,21
2013,1,6,3,3,30
2013,1,6,3,4,27
2013,1,7,1,1,9
2013,1,7,1,2,15
2013,1,7,1,4,15
2013,1,7,1,5,1107
2013,1,7,1,6,30
2013,1,7,1,7,909
2013,1,7,1,8,12
2013,1,7,3,2,9
2013,1,7,3,3,6
2013,1,8,1,1,18
2013,1,8,1,2,12
2013,1,8,1,5,177
2013,1,8,1,8,3129
2013,1,8,1,9,57
2013,1,8,2,1,9
2013,1,8,3,2,12
2013,1,8,3,3,6
2013,1,8,3,4,9
2013,1,9,1,2,12
2013,1,9,1,5,159
2013,1,9,1,6,72
2013,1,9,1,8,120
2013,1,9,1,9,2607
2013,1,9,2,1,126
2013,1,9,2,2,33
2013,1,9,2,3,78
2013,1,9,2,4,6
2013,1,9,3,1,27
2013,1,9,3,2,93
2013,1,9,3,3,57
2013,1,9,3,4,36
2013,2,1,1,5,9
2013,2,1,1,6,12
2013,2,1,1,8,6
2013,2,1,1,9,81
2013,2,1,2,1,1020
2013,2,1,2,2,87
2013,2,1,2,3,207
2013,2,1,2,4,24
2013,2,1,3,1,15
2013,2,1,3,2,141
2013,2,1,3,3,51
2013,2,1,3,4,27
2013,2,2,1,5,15
2013,2,2,2,1,42
2013,2,2,2,2,909
2013,2,2,2,3,333
2013,2,2,2,4,21
2013,2,2,2,6,15
2013,2,2,3,1,33
2013,2,2,3,2,147
2013,2,2,3,3,111
2013,2,2,3,4,42
2013,2,3,1,9,12
2013,2,3,2,1,72
2013,2,3,2,2,219
2013,2,3,2,3,1767
2013,2,3,2,4,96
2013,2,3,2,5,12
2013,2,3,2,6,6
2013,2,3,3,1,45
2013,2,3,3,2,411
2013,2,3,3,3,138
2013,2,3,3,4,93
2013,2,4,1,5,6
2013,2,4,2,1,51
2013,2,4,2,2,51
2013,2,4,2,3,333
2013,2,4,2,4,747
2013,2,4,3,1,69
2013,2,4,3,2,459
2013,2,4,3,3,159
2013,2,4,3,4,66
2013,2,5,2,2,6
2013,2,5,2,3,45
2013,2,5,2,5,66
2013,2,5,3,2,12
2013,2,5,3,3,9
2013,2,6,2,2,33
2013,2,6,2,3,42
2013,2,6,2,6,99
2013,2,6,3,1,6
2013,2,6,3,2,24
2013,2,6,3,3,24
2013,2,6,3,4,9
2013,3,1,1,5,144
2013,3,1,1,6,9
2013,3,1,1,8,27
2013,3,1,1,9,12
2013,3,1,2,1,36
2013,3,1,2,2,24
2013,3,1,2,3,90
2013,3,1,2,4,42
2013,3,1,2,5,6
2013,3,1,3,1,46149
2013,3,1,3,2,8718
2013,3,1,3,3,28590
2013,3,1,3,4,13023
2013,3,1,5,1,36
2013,3,1,6,1,117
2013,3,1,6,3,9
2013,3,1,6,5,12
2013,3,1,6,7,54
2013,3,1,7,2,6
2013,3,1,7,6,9
2013,3,1,7,8,12
2013,3,1,8,1,18
2013,3,1,8,4,129
2013,3,1,8,6,12
2013,3,1,8,9,9
2013,3,2,1,5,198
2013,3,2,1,6,24
2013,3,2,1,7,15
2013,3,2,1,8,27
2013,3,2,1,9,45
2013,3,2,2,1,129
2013,3,2,2,2,81
2013,3,2,2,3,375
2013,3,2,2,4,132
2013,3,2,2,5,9
2013,3,2,3,1,5244
2013,3,2,3,2,78057
2013,3,2,3,3,28023
2013,3,2,3,4,9399
2013,3,2,5,1,111
2013,3,2,5,3,12
2013,3,2,6,1,150
2013,3,2,6,3,6
2013,3,2,6,5,9
2013,3,2,6,7,57
2013,3,2,7,2,6
2013,3,2,7,3,6
2013,3,2,7,6,9
2013,3,2,7,8,24
2013,3,2,8,1,15
2013,3,2,8,3,6
2013,3,2,8,4,147
2013,3,2,8,6,18
2013,3,2,8,9,15
2013,3,2,11,1,9
2013,3,3,1,5,210
2013,3,3,1,6,15
2013,3,3,1,8,18
2013,3,3,1,9,21
2013,3,3,2,1,36
2013,3,3,2,2,42
2013,3,3,2,3,129
2013,3,3,2,4,54
2013,3,3,3,1,7512
2013,3,3,3,2,8487
2013,3,3,3,3,92877
2013,3,3,3,4,26895
2013,3,3,5,1,111
2013,3,3,5,3,18
2013,3,3,6,1,327
2013,3,3,6,2,6
2013,3,3,6,3,12
2013,3,3,6,4,9
2013,3,3,6,5,12
2013,3,3,6,6,6
2013,3,3,6,7,138
2013,3,3,6,9,9
2013,3,3,7,3,15
2013,3,3,7,4,6
2013,3,3,7,5,6
2013,3,3,7,6,15
2013,3,3,7,8,15
2013,3,3,7,9,6
2013,3,3,8,1,30
2013,3,3,8,3,15
2013,3,3,8,4,243
2013,3,3,8,6,18
2013,3,3,8,9,12
2013,3,3,8,10,12
2013,3,3,11,1,6
2013,3,3,11,3,6
2013,3,3,11,5,12
2013,3,4,1,5,207
2013,3,4,1,6,27
2013,3,4,1,8,27
2013,3,4,1,9,21
2013,3,4,2,1,33
2013,3,4,2,2,27
2013,3,4,2,3,117
2013,3,4,2,4,36
2013,3,4,2,5,6
2013,3,4,3,1,3948
2013,3,4,3,2,5748
2013,3,4,3,3,30666
2013,3,4,3,4,126492
2013,3,4,5,1,75
2013,3,4,5,2,18
2013,3,4,5,3,9
2013,3,4,6,1,1242
2013,3,4,6,2,36
2013,3,4,6,3,75
2013,3,4,6,4,153
2013,3,4,6,5,162
2013,3,4,6,6,63
2013,3,4,6,7,681
2013,3,4,6,8,24
2013,3,4,6,9,42
2013,3,4,7,1,6
2013,3,4,7,3,6
2013,3,4,7,4,6
2013,3,4,7,6,24
2013,3,4,7,7,9
2013,3,4,7,8,36
2013,3,4,8,1,111
2013,3,4,8,3,24
2013,3,4,8,4,273
2013,3,4,8,6,24
2013,3,4,8,9,21
2013,3,4,8,10,18
2013,3,4,11,1,9
2013,3,4,11,3,12
2013,3,4,11,4,33
2013,3,4,11,5,42
2013,3,4,11,8,27
2013,4,1,4,1,24
2013,5,1,3,1,45
2013,5,1,3,2,78
2013,5,1,3,3,708
2013,5,1,3,4,126
2013,5,1,5,1,2382
2013,5,1,5,2,27
2013,5,1,6,1,9
2013,5,2,5,2,27
2013,5,3,3,3,6
2013,5,3,3,4,6
2013,5,3,5,3,282
2013,6,1,1,9,6
2013,6,1,2,3,9
2013,6,1,3,1,84
2013,6,1,3,2,174
2013,6,1,3,3,522
2013,6,1,3,4,2475
2013,6,1,6,1,3354
2013,6,1,6,2,75
2013,6,1,6,3,147
2013,6,1,6,4,150
2013,6,1,6,5,102
2013,6,1,6,6,30
2013,6,1,6,7,324
2013,6,1,6,8,45
2013,6,1,6,9,27
2013,6,1,8,1,27
2013,6,1,8,4,39
2013,6,2,3,3,9
2013,6,2,3,4,42
2013,6,2,6,1,60
2013,6,2,6,2,99
2013,6,2,6,4,9
2013,6,2,6,7,6
2013,6,3,3,1,33
2013,6,3,3,2,27
2013,6,3,3,3,114
2013,6,3,3,4,588
2013,6,3,6,1,465
2013,6,3,6,2,12
2013,6,3,6,3,549
2013,6,3,6,4,24
2013,6,3,6,5,39
2013,6,3,6,6,12
2013,6,3,6,7,51
2013,6,3,6,8,18
2013,6,3,6,9,48
2013,6,3,8,1,9
2013,6,3,8,4,33
2013,6,4,3,1,9
2013,6,4,3,2,24
2013,6,4,3,3,75
2013,6,4,3,4,354
2013,6,4,6,1,207
2013,6,4,6,2,9
2013,6,4,6,3,12
2013,6,4,6,4,351
2013,6,4,6,7,63
2013,6,5,3,1,9
2013,6,5,3,2,21
2013,6,5,3,3,93
2013,6,5,3,4,378
2013,6,5,6,1,162
2013,6,5,6,3,27
2013,6,5,6,4,9
2013,6,5,6,5,375
2013,6,5,6,6,12
2013,6,5,6,7,18
2013,6,5,6,9,6
2013,6,5,8,1,6
2013,6,5,8,4,18
2013,6,6,3,1,12
2013,6,6,3,2,6
2013,6,6,3,3,63
2013,6,6,3,4,261
2013,6,6,6,1,120
2013,6,6,6,3,33
2013,6,6,6,4,6
2013,6,6,6,5,21
2013,6,6,6,6,573
2013,6,6,6,7,12
2013,6,6,6,9,12
2013,6,6,7,6,12
2013,6,6,7,7,9
2013,6,6,8,1,39
2013,6,6,8,4,21
2013,6,7,3,1,57
2013,6,7,3,2,93
2013,6,7,3,3,276
2013,6,7,3,4,1431
2013,6,7,6,1,492
2013,6,7,6,2,12
2013,6,7,6,3,24
2013,6,7,6,4,69
2013,6,7,6,5,15
2013,6,7,6,7,2526
2013,6,7,6,8,102
2013,6,7,6,9,6
2013,6,7,8,4,9
2013,6,8,3,1,6
2013,6,8,3,2,15
2013,6,8,3,3,45
2013,6,8,3,4,243
2013,6,8,6,1,153
2013,6,8,6,3,9
2013,6,8,6,4,18
2013,6,8,6,5,9
2013,6,8,6,7,180
2013,6,8,6,8,354
2013,6,9,3,1,15
2013,6,9,3,2,18
2013,6,9,3,3,51
2013,6,9,3,4,333
2013,6,9,6,1,225
2013,6,9,6,3,99
2013,6,9,6,4,12
2013,6,9,6,5,33
2013,6,9,6,6,21
2013,6,9,6,7,30
2013,6,9,6,9,681
2013,6,9,8,1,33
2013,6,9,8,4,33
2013,7,1,3,3,12
2013,7,1,3,4,57
2013,7,1,6,1,12
2013,7,1,7,1,150
2013,7,1,7,6,9
2013,7,1,7,7,12
2013,7,2,3,2,21
2013,7,2,3,3,21
2013,7,2,3,4,39
2013,7,2,7,2,1344
2013,7,2,7,3,111
2013,7,2,7,6,27
2013,7,2,8,4,21
2013,7,3,3,1,9
2013,7,3,3,2,21
2013,7,3,3,3,30
2013,7,3,3,4,24
2013,7,3,7,2,270
2013,7,3,7,3,1599
2013,7,3,7,5,12
2013,7,3,7,6,66
2013,7,3,7,7,12
2013,7,3,7,8,18
2013,7,3,8,4,24
2013,7,3,11,4,6
2013,7,4,3,2,9
2013,7,4,3,3,15
2013,7,4,3,4,9
2013,7,4,7,2,6
2013,7,4,7,4,1005
2013,7,4,7,5,6
2013,7,4,7,6,48
2013,7,4,7,8,36
2013,7,4,7,9,9
2013,7,4,8,4,21
2013,7,4,8,9,6
2013,7,5,3,3,12
2013,7,5,3,4,18
2013,7,5,7,2,6
2013,7,5,7,3,12
2013,7,5,7,4,9
2013,7,5,7,5,468
2013,7,5,7,6,69
2013,7,5,8,4,9
2013,7,6,3,1,15
2013,7,6,3,2,24
2013,7,6,3,3,48
2013,7,6,3,4,75
2013,7,6,6,1,9
2013,7,6,6,6,12
2013,7,6,7,2,27
2013,7,6,7,3,48
2013,7,6,7,4,75
2013,7,6,7,5,42
2013,7,6,7,6,3501
2013,7,6,7,7,114
2013,7,6,7,8,30
2013,7,6,7,9,102
2013,7,6,8,1,12
2013,7,6,8,3,6
2013,7,6,8,4,102
2013,7,6,8,6,6
2013,7,6,8,9,42
2013,7,6,9,3,6
2013,7,6,11,4,6
2013,7,6,11,5,6
2013,7,7,3,1,6
2013,7,7,3,2,9
2013,7,7,3,3,9
2013,7,7,3,4,39
2013,7,7,6,1,6
2013,7,7,6,6,18
2013,7,7,7,6,291
2013,7,7,7,7,1107
2013,7,7,7,8,24
2013,7,7,7,9,90
2013,7,7,8,1,9
2013,7,7,8,4,27
2013,7,7,8,9,57
2013,7,8,3,1,9
2013,7,8,3,2,21
2013,7,8,3,3,27
2013,7,8,3,4,51
2013,7,8,7,4,42
2013,7,8,7,6,75
2013,7,8,7,7,27
2013,7,8,7,8,2751
2013,7,8,7,9,267
2013,7,8,8,1,9
2013,7,8,8,4,60
2013,7,8,8,9,69
2013,7,8,8,10,6
2013,7,8,9,3,6
2013,7,8,11,1,168
2013,7,8,11,2,6
2013,7,8,11,3,15
2013,7,8,11,4,27
2013,7,8,11,5,63
2013,7,8,11,8,12
2013,7,9,3,2,6
2013,7,9,3,4,12
2013,7,9,7,6,111
2013,7,9,7,7,39
2013,7,9,7,8,66
2013,7,9,7,9,633
2013,7,9,8,4,33
2013,7,9,8,9,90
2013,7,9,8,10,6
2013,7,9,11,5,6
2013,8,1,3,1,24
2013,8,1,3,2,42
2013,8,1,3,3,84
2013,8,1,3,4,288
2013,8,1,6,1,54
2013,8,1,6,3,15
2013,8,1,6,5,6
2013,8,1,6,6,18
2013,8,1,6,7,9
2013,8,1,6,9,18
2013,8,1,7,6,9
2013,8,1,7,7,6
2013,8,1,7,9,6
2013,8,1,8,1,3879
2013,8,1,8,2,30
2013,8,1,8,3,18
2013,8,1,8,4,1686
2013,8,1,8,5,33
2013,8,1,8,6,24
2013,8,1,8,7,9
2013,8,1,8,9,57
2013,8,1,8,10,9
2013,8,1,11,5,9
2013,8,2,3,2,9
2013,8,2,3,3,12
2013,8,2,3,4,21
2013,8,2,8,1,15
2013,8,2,8,2,1092
2013,8,2,8,3,18
2013,8,2,8,4,591
2013,8,2,8,6,12
2013,8,2,8,9,6
2013,8,3,3,1,15
2013,8,3,3,2,36
2013,8,3,3,3,48
2013,8,3,3,4,63
2013,8,3,6,1,6
2013,8,3,7,6,6
2013,8,3,8,1,36
2013,8,3,8,2,12
2013,8,3,8,3,8589
2013,8,3,8,4,2457
2013,8,3,8,5,39
2013,8,3,8,6,339
2013,8,3,8,7,24
2013,8,3,8,8,390
2013,8,3,8,9,27
2013,8,3,8,10,24
2013,8,3,9,2,36
2013,8,3,9,3,15
2013,8,3,9,5,6
2013,8,3,9,7,9
2013,8,3,9,8,9
2013,8,3,10,5,9
2013,8,3,11,5,9
2013,8,4,3,1,144
2013,8,4,3,2,273
2013,8,4,3,3,513
2013,8,4,3,4,615
2013,8,4,6,1,54
2013,8,4,6,3,12
2013,8,4,6,5,15
2013,8,4,6,6,6
2013,8,4,6,7,12
2013,8,4,6,9,9
2013,8,4,7,2,6
2013,8,4,7,3,9
2013,8,4,7,5,6
2013,8,4,7,6,42
2013,8,4,7,7,21
2013,8,4,7,8,30
2013,8,4,7,9,24
2013,8,4,8,1,774
2013,8,4,8,2,114
2013,8,4,8,3,810
2013,8,4,8,4,55401
2013,8,4,8,5,480
2013,8,4,8,6,1092
2013,8,4,8,7,108
2013,8,4,8,8,63
2013,8,4,8,9,684
2013,8,4,8,10,84
2013,8,4,9,2,99
2013,8,4,9,3,105
2013,8,4,9,6,6
2013,8,4,9,7,9
2013,8,4,9,8,66
2013,8,4,10,5,9
2013,8,4,11,1,9
2013,8,4,11,2,21
2013,8,4,11,4,60
2013,8,4,11,5,81
2013,8,4,11,8,24
2013,8,4,12,2,9
2013,8,5,3,2,6
2013,8,5,3,3,9
2013,8,5,3,4,12
2013,8,5,8,1,21
2013,8,5,8,3,12
2013,8,5,8,4,726
2013,8,5,8,5,567
2013,8,5,8,6,39
2013,8,5,8,9,63
2013,8,6,3,1,15
2013,8,6,3,2,42
2013,8,6,3,3,81
2013,8,6,3,4,84
2013,8,6,6,1,6
2013,8,6,7,6,12
2013,8,6,7,8,6
2013,8,6,7,9,6
2013,8,6,8,1,39
2013,8,6,8,2,12
2013,8,6,8,3,486
2013,8,6,8,4,3960
2013,8,6,8,5,99
2013,8,6,8,6,6795
2013,8,6,8,7,6
2013,8,6,8,8,18
2013,8,6,8,9,180
2013,8,6,8,10,111
2013,8,6,9,2,126
2013,8,6,9,3,30
2013,8,6,9,8,21
2013,8,6,11,4,21
2013,8,6,11,5,15
2013,8,6,11,8,6
2013,8,7,3,3,9
2013,8,7,8,3,51
2013,8,7,8,4,495
2013,8,7,8,6,24
2013,8,7,8,7,423
2013,8,8,6,7,6
2013,8,8,8,3,207
2013,8,8,8,4,75
2013,8,8,8,6,6
2013,8,8,8,8,3177
2013,8,8,10,5,12
2013,8,8,16,1,15
2013,8,8,16,2,6
2013,8,9,3,1,12
2013,8,9,3,2,18
2013,8,9,3,3,36
2013,8,9,3,4,66
2013,8,9,7,6,24
2013,8,9,7,7,15
2013,8,9,7,8,18
2013,8,9,7,9,84
2013,8,9,8,1,45
2013,8,9,8,3,24
2013,8,9,8,4,969
2013,8,9,8,5,48
2013,8,9,8,6,114
2013,8,9,8,9,6525
2013,8,9,8,10,285
2013,8,9,9,2,12
2013,8,9,9,3,9
2013,8,9,11,1,15
2013,8,9,11,4,18
2013,8,9,11,5,12
2013,8,10,3,1,6
2013,8,10,3,2,9
2013,8,10,3,3,15
2013,8,10,3,4,18
2013,8,10,8,3,12
2013,8,10,8,4,135
2013,8,10,8,6,69
2013,8,10,8,9,327
2013,8,10,8,10,3699
2013,8,10,9,2,123
2013,8,10,9,3,24
2013,8,10,11,4,27
2013,8,10,11,5,24
2013,8,10,11,8,6
2013,9,1,8,4,12
2013,9,1,9,1,1227
2013,9,1,9,3,6
2013,9,1,9,8,141
2013,9,1,10,1,12
2013,9,1,10,5,15
2013,9,1,15,4,9
2013,9,2,3,4,12
2013,9,2,7,6,6
2013,9,2,8,1,15
2013,9,2,8,3,51
2013,9,2,8,4,213
2013,9,2,8,6,102
2013,9,2,8,8,18
2013,9,2,8,9,51
2013,9,2,8,10,204
2013,9,2,9,2,6288
2013,9,2,9,3,162
2013,9,2,9,6,6
2013,9,2,9,7,57
2013,9,2,9,8,51
2013,9,2,11,1,6
2013,9,2,11,2,6
2013,9,2,11,4,18
2013,9,2,11,5,21
2013,9,2,11,8,9
2013,9,2,12,2,15
2013,9,2,12,5,6
2013,9,3,7,6,6
2013,9,3,8,3,18
2013,9,3,8,4,75
2013,9,3,8,9,6
2013,9,3,8,10,12
2013,9,3,9,1,18
2013,9,3,9,2,204
2013,9,3,9,3,19764
2013,9,3,9,4,69
2013,9,3,9,5,66
2013,9,3,9,6,195
2013,9,3,9,7,12
2013,9,3,9,8,126
2013,9,3,11,2,87
2013,9,3,11,3,6
2013,9,3,11,4,111
2013,9,3,11,5,129
2013,9,3,11,8,51
2013,9,3,12,1,54
2013,9,3,12,2,126
2013,9,3,12,4,15
2013,9,3,12,5,9
2013,9,4,9,3,72
2013,9,4,9,4,648
2013,9,4,9,6,24
2013,9,4,11,2,6
2013,9,4,11,4,15
2013,9,4,12,1,9
2013,9,4,12,2,6
2013,9,4,12,3,12
2013,9,5,9,3,360
2013,9,5,9,5,282
2013,9,5,9,6,27
2013,9,5,9,8,6
2013,9,6,9,1,6
2013,9,6,9,2,24
2013,9,6,9,3,333
2013,9,6,9,5,9
2013,9,6,9,6,1125
2013,9,6,9,8,72
2013,9,7,8,3,6
2013,9,7,8,4,12
2013,9,7,8,8,18
2013,9,7,9,1,9
2013,9,7,9,2,57
2013,9,7,9,3,12
2013,9,7,9,7,609
2013,9,7,9,8,78
2013,9,8,8,4,78
2013,9,8,8,8,6
2013,9,8,9,1,204
2013,9,8,9,2,108
2013,9,8,9,3,141
2013,9,8,9,4,12
2013,9,8,9,6,144
2013,9,8,9,7,150
2013,9,8,9,8,9012
2013,9,8,9,9,33
2013,9,8,10,5,6
2013,9,8,11,2,9
2013,9,8,11,4,39
2013,9,8,11,5,12
2013,9,8,14,2,6
2013,9,8,15,4,9
2013,9,9,9,8,15
2013,9,9,9,9,81
2013,10,1,9,1,24
2013,10,1,10,1,348
2013,10,1,10,3,12
2013,10,1,10,5,54
2013,10,1,15,4,9
2013,10,2,10,2,24
2013,10,3,8,8,15
2013,10,3,9,1,6
2013,10,3,10,1,12
2013,10,3,10,3,345
2013,10,3,10,4,6
2013,10,3,10,5,270
2013,10,4,8,8,12
2013,10,4,10,3,9
2013,10,4,10,4,303
2013,10,4,10,5,54
2013,10,5,8,4,12
2013,10,5,8,8,36
2013,10,5,9,1,24
2013,10,5,10,1,15
2013,10,5,10,3,57
2013,10,5,10,4,18
2013,10,5,10,5,1128
2013,10,5,15,4,15
2013,11,1,3,2,6
2013,11,1,3,3,15
2013,11,1,3,4,18
2013,11,1,7,6,6
2013,11,1,7,8,129
2013,11,1,7,9,9
2013,11,1,8,4,15
2013,11,1,9,3,21
2013,11,1,11,1,2325
2013,11,1,11,2,12
2013,11,1,11,3,84
2013,11,1,11,4,132
2013,11,1,11,5,267
2013,11,1,11,8,87
2013,11,2,8,4,15
2013,11,2,8,9,6
2013,11,2,9,2,9
2013,11,2,9,3,171
2013,11,2,11,1,15
2013,11,2,11,2,4149
2013,11,2,11,3,24
2013,11,2,11,4,717
2013,11,2,11,5,444
2013,11,2,11,6,9
2013,11,2,11,8,189
2013,11,2,12,1,42
2013,11,2,12,2,39
2013,11,2,12,3,9
2013,11,2,12,4,33
2013,11,2,12,5,9
2013,11,3,3,3,18
2013,11,3,3,4,15
2013,11,3,7,8,15
2013,11,3,8,4,18
2013,11,3,8,9,6
2013,11,3,8,10,12
2013,11,3,9,2,6
2013,11,3,9,3,18
2013,11,3,11,1,165
2013,11,3,11,2,27
2013,11,3,11,3,1695
2013,11,3,11,4,417
2013,11,3,11,5,1194
2013,11,3,11,8,234
2013,11,3,12,3,18
2013,11,4,3,4,33
2013,11,4,7,8,18
2013,11,4,7,9,6
2013,11,4,8,3,15
2013,11,4,8,4,78
2013,11,4,8,6,15
2013,11,4,8,9,18
2013,11,4,8,10,39
2013,11,4,9,2,45
2013,11,4,9,3,192
2013,11,4,9,8,27
2013,11,4,11,1,54
2013,11,4,11,2,777
2013,11,4,11,3,84
2013,11,4,11,4,9003
2013,11,4,11,5,3684
2013,11,4,11,6,21
2013,11,4,11,8,843
2013,11,4,12,1,36
2013,11,4,12,2,33
2013,11,4,12,3,66
2013,11,4,12,4,24
2013,11,5,3,3,12
2013,11,5,3,4,66
2013,11,5,7,6,6
2013,11,5,7,8,18
2013,11,5,8,3,12
2013,11,5,8,4,81
2013,11,5,8,9,12
2013,11,5,8,10,36
2013,11,5,9,2,27
2013,11,5,9,3,111
2013,11,5,9,8,18
2013,11,5,11,1,141
2013,11,5,11,2,195
2013,11,5,11,3,303
2013,11,5,11,4,2847
2013,11,5,11,5,11088
2013,11,5,11,6,18
2013,11,5,11,8,1758
2013,11,5,12,1,18
2013,11,5,12,2,12
2013,11,5,12,3,93
2013,11,6,11,2,18
2013,11,6,11,4,90
2013,11,6,11,5,108
2013,11,6,11,6,147
2013,11,6,11,8,60
2013,11,7,11,7,66
2013,11,8,3,4,45
2013,11,8,7,8,21
2013,11,8,8,3,15
2013,11,8,8,4,54
2013,11,8,8,6,15
2013,11,8,8,8,6
2013,11,8,8,9,21
2013,11,8,8,10,66
2013,11,8,9,2,48
2013,11,8,9,3,177
2013,11,8,9,8,6
2013,11,8,11,1,87
2013,11,8,11,2,237
2013,11,8,11,3,162
2013,11,8,11,4,2280
2013,11,8,11,5,5007
2013,11,8,11,6,21
2013,11,8,11,8,4710
2013,11,8,12,1,24
2013,11,8,12,2,21
2013,11,8,12,3,63
2013,11,8,12,4,15
2013,12,1,9,3,60
2013,12,1,9,4,24
2013,12,1,9,8,12
2013,12,1,11,2,21
2013,12,1,11,4,27
2013,12,1,11,5,39
2013,12,1,11,8,6
2013,12,1,12,1,5190
2013,12,1,12,2,510
2013,12,1,12,3,93
2013,12,1,12,4,354
2013,12,1,12,5,135
2013,12,2,9,3,72
2013,12,2,9,4,9
2013,12,2,9,8,6
2013,12,2,11,2,12
2013,12,2,11,4,21
2013,12,2,11,5,18
2013,12,2,12,1,402
2013,12,2,12,2,1569
2013,12,2,12,3,24
2013,12,2,12,4,144
2013,12,2,12,5,15
2013,12,3,9,3,12
2013,12,3,11,2,6
2013,12,3,11,5,6
2013,12,3,12,1,297
2013,12,3,12,2,27
2013,12,3,12,3,513
2013,12,3,12,4,27
2013,12,3,12,5,54
2013,12,4,8,4,6
2013,12,4,9,3,33
2013,12,4,9,4,15
2013,12,4,11,2,24
2013,12,4,11,4,12
2013,12,4,11,5,18
2013,12,4,11,8,9
2013,12,4,12,1,609
2013,12,4,12,2,264
2013,12,4,12,3,21
2013,12,4,12,4,1185
2013,12,4,12,5,15
2013,12,5,9,3,12
2013,12,5,11,2,12
2013,12,5,11,5,9
2013,12,5,12,1,144
2013,12,5,12,2,15
2013,12,5,12,3,12
2013,12,5,12,4,18
2013,12,5,12,5,2331
2013,13,1,13,1,717
2013,13,1,13,3,21
2013,13,1,13,6,60
2013,13,1,13,7,18
2013,13,2,13,2,519
2013,13,2,13,3,36
2013,13,2,13,4,6
2013,13,2,13,6,177
2013,13,2,13,7,15
2013,13,3,13,1,6
2013,13,3,13,2,15
2013,13,3,13,3,723
2013,13,3,13,4,36
2013,13,3,13,6,480
2013,13,3,13,7,33
2013,13,4,13,2,6
2013,13,4,13,3,33
2013,13,4,13,4,159
2013,13,4,13,6,306
2013,13,4,13,7,18
2013,13,5,13,3,9
2013,13,5,13,5,63
2013,13,5,13,6,162
2013,13,5,13,7,6
2013,13,6,12,5,6
2013,13,6,13,1,36
2013,13,6,13,2,69
2013,13,6,13,3,702
2013,13,6,13,4,219
2013,13,6,13,5,36
2013,13,6,13,6,9186
2013,13,6,13,7,210
2013,13,6,13,8,18
2013,13,6,14,1,6
2013,13,7,13,1,15
2013,13,7,13,2,12
2013,13,7,13,3,51
2013,13,7,13,4,15
2013,13,7,13,6,381
2013,13,7,13,7,537
2013,13,8,13,3,9
2013,13,8,13,6,39
2013,13,8,13,8,2475
2013,13,8,14,1,30
2013,13,8,14,2,12
2013,13,8,14,7,6
2013,13,8,14,8,6
2013,14,1,9,8,24
2013,14,1,13,6,6
2013,14,1,13,8,48
2013,14,1,14,1,16941
2013,14,1,14,2,4959
2013,14,1,14,3,210
2013,14,1,14,4,105
2013,14,1,14,5,96
2013,14,1,14,6,21
2013,14,1,14,7,15
2013,14,1,14,8,87
2013,14,1,15,1,12
2013,14,1,15,4,6
2013,14,1,15,7,12
2013,14,2,13,8,15
2013,14,2,14,1,2445
2013,14,2,14,2,17430
2013,14,2,14,3,225
2013,14,2,14,4,129
2013,14,2,14,5,285
2013,14,2,14,6,36
2013,14,2,14,8,186
2013,14,2,15,1,9
2013,14,2,15,4,6
2013,14,2,15,7,15
2013,14,3,14,1,510
2013,14,3,14,2,861
2013,14,3,14,3,618
2013,14,3,14,4,15
2013,14,3,14,5,21
2013,14,3,14,8,12
2013,14,4,14,1,477
2013,14,4,14,2,429
2013,14,4,14,3,9
2013,14,4,14,4,810
2013,14,4,14,5,15
2013,14,4,14,8,9
2013,14,5,14,1,102
2013,14,5,14,2,534
2013,14,5,14,3,12
2013,14,5,14,4,6
2013,14,5,14,5,603
2013,14,5,14,8,27
2013,14,6,14,1,42
2013,14,6,14,2,219
2013,14,6,14,3,12
2013,14,6,14,5,6
2013,14,6,14,6,198
2013,14,7,14,1,51
2013,14,7,14,2,15
2013,14,7,14,7,183
2013,14,8,13,8,12
2013,14,8,14,1,153
2013,14,8,14,2,537
2013,14,8,14,3,15
2013,14,8,14,4,6
2013,14,8,14,5,24
2013,14,8,14,8,4554
2013,14,8,15,1,42
2013,14,8,15,6,6
2013,14,8,15,7,9
2013,15,1,14,1,6
2013,15,1,14,2,12
2013,15,1,14,8,162
2013,15,1,15,1,3144
2013,15,1,15,2,99
2013,15,1,15,6,18
2013,15,1,15,7,93
2013,15,2,14,8,6
2013,15,2,15,1,120
2013,15,2,15,2,2487
2013,15,2,15,3,6
2013,15,2,15,6,18
2013,15,2,15,7,381
2013,15,2,15,10,18
2013,15,2,17,2,9
2013,15,2,17,4,9
2013,15,2,19,2,81
2013,15,2,19,3,9
2013,15,2,19,5,6
2013,15,3,10,5,9
2013,15,3,15,1,12
2013,15,3,15,2,9
2013,15,3,15,3,14784
2013,15,3,15,4,54
2013,15,3,15,5,237
2013,15,3,15,6,51
2013,15,3,15,7,303
2013,15,3,15,8,6
2013,15,3,15,9,63
2013,15,3,15,10,12
2013,15,3,16,2,36
2013,15,3,16,8,87
2013,15,3,17,1,6
2013,15,3,17,2,9
2013,15,4,9,1,6
2013,15,4,10,1,21
2013,15,4,15,3,84
2013,15,4,15,4,3648
2013,15,4,15,5,102
2013,15,4,15,6,30
2013,15,4,15,7,36
2013,15,4,15,9,6
2013,15,4,15,10,27
2013,15,4,16,2,9
2013,15,5,15,3,252
2013,15,5,15,4,48
2013,15,5,15,5,2760
2013,15,5,15,6,159
2013,15,5,15,7,519
2013,15,5,15,8,33
2013,15,5,15,9,12
2013,15,5,15,10,15
2013,15,5,15,11,9
2013,15,5,17,4,21
2013,15,6,14,2,6
2013,15,6,15,1,15
2013,15,6,15,2,33
2013,15,6,15,3,42
2013,15,6,15,4,60
2013,15,6,15,5,396
2013,15,6,15,6,4557
2013,15,6,15,7,3036
2013,15,6,15,8,78
2013,15,6,15,9,33
2013,15,6,15,10,72
2013,15,6,15,11,63
2013,15,6,17,1,12
2013,15,6,17,4,18
2013,15,7,14,1,12
2013,15,7,14,2,18
2013,15,7,14,8,12
2013,15,7,15,1,54
2013,15,7,15,2,144
2013,15,7,15,3,111
2013,15,7,15,4,75
2013,15,7,15,5,384
2013,15,7,15,6,867
2013,15,7,15,7,29265
2013,15,7,15,8,90
2013,15,7,15,9,222
2013,15,7,15,10,870
2013,15,7,15,11,138
2013,15,7,15,12,12
2013,15,7,16,8,15
2013,15,7,17,1,36
2013,15,7,17,2,54
2013,15,7,17,3,15
2013,15,7,17,4,171
2013,15,7,19,2,18
2013,15,7,19,6,6
2013,15,8,15,3,9
2013,15,8,15,5,78
2013,15,8,15,6,150
2013,15,8,15,7,681
2013,15,8,15,8,762
2013,15,8,15,9,54
2013,15,8,15,10,9
2013,15,8,15,11,18
2013,15,8,17,4,12
2013,15,9,15,3,21
2013,15,9,15,5,54
2013,15,9,15,6,36
2013,15,9,15,7,990
2013,15,9,15,8,18
2013,15,9,15,9,7416
2013,15,9,15,10,54
2013,15,9,15,11,21
2013,15,9,15,12,15
2013,15,9,17,1,528
2013,15,9,17,2,66
2013,15,9,17,3,75
2013,15,9,17,4,225
2013,15,10,15,4,36
2013,15,10,15,7,189
2013,15,10,15,9,12
2013,15,10,15,10,585
2013,15,10,17,2,6
2013,15,10,17,4,9
2013,15,11,15,5,21
2013,15,11,15,6,66
2013,15,11,15,7,492
2013,15,11,15,10,6
2013,15,11,15,11,360
2013,15,12,15,7,84
2013,15,12,15,9,18
2013,15,12,15,12,108
2013,16,1,16,1,3948
2013,16,1,16,2,2781
2013,16,1,16,3,33
2013,16,1,16,4,12
2013,16,1,16,5,126
2013,16,1,16,6,153
2013,16,1,16,8,87
2013,16,2,8,8,6
2013,16,2,15,3,9
2013,16,2,16,1,2112
2013,16,2,16,2,15975
2013,16,2,16,3,99
2013,16,2,16,4,90
2013,16,2,16,5,231
2013,16,2,16,6,339
2013,16,2,16,8,225
2013,16,3,16,1,96
2013,16,3,16,2,660
2013,16,3,16,3,522
2013,16,3,16,4,36
2013,16,3,16,5,30
2013,16,3,16,6,15
2013,16,3,16,8,12
2013,16,4,16,1,30
2013,16,4,16,2,195
2013,16,4,16,3,9
2013,16,4,16,4,1554
2013,16,4,16,5,9
2013,16,4,16,6,90
2013,16,4,16,8,99
2013,16,5,16,1,381
2013,16,5,16,2,993
2013,16,5,16,3,9
2013,16,5,16,5,1422
2013,16,5,16,6,135
2013,16,5,16,8,87
2013,16,6,15,3,6
2013,16,6,16,1,135
2013,16,6,16,2,381
2013,16,6,16,4,21
2013,16,6,16,5,75
2013,16,6,16,6,4128
2013,16,6,16,8,561
2013,16,7,16,7,60
2013,16,8,15,3,57
2013,16,8,16,1,36
2013,16,8,16,2,147
2013,16,8,16,4,39
2013,16,8,16,5,12
2013,16,8,16,6,411
2013,16,8,16,8,6000
2013,17,1,15,6,6
2013,17,1,15,7,135
2013,17,1,15,9,387
2013,17,1,15,10,9
2013,17,1,17,1,10953
2013,17,1,17,2,909
2013,17,1,17,3,1461
2013,17,1,17,4,4140
2013,17,1,19,2,6
2013,17,1,19,6,6
2013,17,1,20,1,12
2013,17,2,15,5,12
2013,17,2,15,7,30
2013,17,2,15,9,9
2013,17,2,15,10,12
2013,17,2,17,1,150
2013,17,2,17,2,36549
2013,17,2,17,3,2397
2013,17,2,17,4,17955
2013,17,2,19,2,51
2013,17,2,19,5,18
2013,17,2,19,6,36
2013,17,2,19,7,6
2013,17,3,15,7,24
2013,17,3,15,9,21
2013,17,3,17,1,336
2013,17,3,17,2,2283
2013,17,3,17,3,12339
2013,17,3,17,4,11268
2013,17,3,19,2,9
2013,17,3,19,6,15
2013,17,4,15,5,9
2013,17,4,15,6,6
2013,17,4,15,7,63
2013,17,4,15,9,18
2013,17,4,15,10,9
2013,17,4,17,1,231
2013,17,4,17,2,5016
2013,17,4,17,3,3486
2013,17,4,17,4,79323
2013,17,4,19,2,66
2013,17,4,19,5,15
2013,17,4,19,6,57
2013,17,4,20,1,6
2013,17,4,20,3,6
2013,17,4,20,6,12
2013,17,4,21,3,24
2013,17,4,21,5,9
2013,19,1,17,4,12
2013,19,1,19,1,102
2013,19,1,19,2,135
2013,19,1,19,5,12
2013,19,2,15,2,18
2013,19,2,15,7,21
2013,19,2,17,1,9
2013,19,2,17,2,105
2013,19,2,17,3,30
2013,19,2,17,4,234
2013,19,2,19,1,66
2013,19,2,19,2,6063
2013,19,2,19,3,162
2013,19,2,19,4,90
2013,19,2,19,5,375
2013,19,2,19,6,81
2013,19,2,19,7,81
2013,19,3,15,2,6
2013,19,3,17,2,15
2013,19,3,17,4,33
2013,19,3,19,2,369
2013,19,3,19,3,300
2013,19,3,19,4,12
2013,19,3,19,5,18
2013,19,3,19,7,9
2013,19,4,17,2,9
2013,19,4,17,4,18
2013,19,4,19,1,6
2013,19,4,19,2,237
2013,19,4,19,3,9
2013,19,4,19,4,522
2013,19,4,19,5,15
2013,19,4,19,6,6
2013,19,5,17,2,159
2013,19,5,17,3,30
2013,19,5,17,4,252
2013,19,5,19,1,15
2013,19,5,19,2,855
2013,19,5,19,3,30
2013,19,5,19,4,18
2013,19,5,19,5,1653
2013,19,5,19,6,129
2013,19,5,19,7,135
2013,19,6,17,2,213
2013,19,6,17,3,27
2013,19,6,17,4,477
2013,19,6,19,2,249
2013,19,6,19,5,102
2013,19,6,19,6,2013
2013,19,6,19,7,165
2013,19,7,17,2,42
2013,19,7,17,3,12
2013,19,7,17,4,129
2013,19,7,19,2,132
2013,19,7,19,5,63
2013,19,7,19,6,81
2013,19,7,19,7,429
2013,20,1,17,4,12
2013,20,1,20,1,1041
2013,20,1,20,2,36
2013,20,1,20,3,9
2013,20,1,20,4,24
2013,20,1,20,5,15
2013,20,1,20,6,141
2013,20,1,20,7,108
2013,20,1,20,9,9
2013,20,1,21,3,30
2013,20,1,21,4,12
2013,20,1,21,5,9
2013,20,1,21,7,6
2013,20,2,17,4,12
2013,20,2,20,1,24
2013,20,2,20,2,675
2013,20,2,20,3,57
2013,20,2,20,4,84
2013,20,2,20,5,42
2013,20,2,20,6,534
2013,20,2,20,7,9
2013,20,2,20,8,15
2013,20,2,20,9,84
2013,20,2,20,10,27
2013,20,2,20,12,9
2013,20,2,21,5,9
2013,20,3,20,2,6
2013,20,3,20,3,123
2013,20,3,20,4,6
2013,20,3,20,6,42
2013,20,4,20,2,18
2013,20,4,20,3,9
2013,20,4,20,4,141
2013,20,4,20,6,171
2013,20,4,20,9,9
2013,20,4,20,10,9
2013,20,5,20,1,9
2013,20,5,20,2,66
2013,20,5,20,3,21
2013,20,5,20,4,54
2013,20,5,20,5,357
2013,20,5,20,6,489
2013,20,5,20,7,39
2013,20,5,20,9,18
2013,20,5,20,10,12
2013,20,5,20,12,15
2013,20,6,17,2,9
2013,20,6,17,4,24
2013,20,6,19,6,6
2013,20,6,20,1,111
2013,20,6,20,2,615
2013,20,6,20,3,204
2013,20,6,20,4,492
2013,20,6,20,5,261
2013,20,6,20,6,7272
2013,20,6,20,7,129
2013,20,6,20,8,36
2013,20,6,20,9,255
2013,20,6,20,10,171
2013,20,6,20,11,12
2013,20,6,20,12,132
2013,20,6,21,3,39
2013,20,6,21,4,24
2013,20,6,21,5,12
2013,20,6,21,8,12
2013,20,6,21,9,9
2013,20,7,17,4,9
2013,20,7,20,1,72
2013,20,7,20,2,21
2013,20,7,20,3,15
2013,20,7,20,4,18
2013,20,7,20,5,21
2013,20,7,20,6,243
2013,20,7,20,7,1137
2013,20,7,20,9,12
2013,20,7,20,10,9
2013,20,7,21,3,9
2013,20,8,20,2,24
2013,20,8,20,3,6
2013,20,8,20,4,6
2013,20,8,20,5,6
2013,20,8,20,6,66
2013,20,8,20,8,81
2013,20,9,20,2,51
2013,20,9,20,3,15
2013,20,9,20,4,24
2013,20,9,20,5,9
2013,20,9,20,6,201
2013,20,9,20,9,399
2013,20,9,20,10,6
2013,20,9,20,12,9
2013,20,10,20,6,51
2013,20,10,20,10,51
2013,20,11,20,2,18
2013,20,11,20,4,9
2013,20,11,20,6,96
2013,20,11,20,11,60
2013,20,12,20,2,9
2013,20,12,20,4,18
2013,20,12,20,6,123
2013,20,12,20,9,6
2013,20,12,20,10,12
2013,20,12,20,12,489
2013,20,12,22,5,9
2013,21,1,21,1,342
2013,21,1,21,2,6
2013,21,1,21,3,36
2013,21,1,21,4,36
2013,21,1,21,5,66
2013,21,1,21,7,33
2013,21,1,21,8,12
2013,21,1,21,9,9
2013,21,2,21,2,2076
2013,21,2,21,3,45
2013,21,2,21,4,15
2013,21,2,21,5,18
2013,21,2,21,8,30
2013,21,3,17,2,15
2013,21,3,17,4,48
2013,21,3,20,1,24
2013,21,3,20,6,18
2013,21,3,21,1,9
2013,21,3,21,2,54
2013,21,3,21,3,7926
2013,21,3,21,4,1704
2013,21,3,21,5,771
2013,21,3,21,7,75
2013,21,3,21,8,96
2013,21,3,21,9,9
2013,21,3,23,2,18
2013,21,4,17,4,33
2013,21,4,20,6,15
2013,21,4,21,1,12
2013,21,4,21,2,33
2013,21,4,21,3,3084
2013,21,4,21,4,3642
2013,21,4,21,5,1080
2013,21,4,21,7,84
2013,21,4,21,8,75
2013,21,4,21,9,9
2013,21,4,23,2,18
2013,21,5,17,2,9
2013,21,5,17,4,27
2013,21,5,20,1,15
2013,21,5,20,6,15
2013,21,5,21,1,30
2013,21,5,21,2,36
2013,21,5,21,3,1689
2013,21,5,21,4,1635
2013,21,5,21,5,3735
2013,21,5,21,7,216
2013,21,5,21,8,123
2013,21,5,21,9,9
2013,21,5,23,2,15
2013,21,6,21,3,18
2013,21,6,21,4,9
2013,21,6,21,5,9
2013,21,6,21,6,12
2013,21,7,17,4,15
2013,21,7,20,6,12
2013,21,7,21,1,24
2013,21,7,21,2,15
2013,21,7,21,3,582
2013,21,7,21,4,423
2013,21,7,21,5,663
2013,21,7,21,7,1398
2013,21,7,21,8,219
2013,21,7,23,2,12
2013,21,8,20,1,9
2013,21,8,20,6,9
2013,21,8,21,1,21
2013,21,8,21,2,42
2013,21,8,21,3,297
2013,21,8,21,4,165
2013,21,8,21,5,258
2013,21,8,21,7,153
2013,21,8,21,8,4137
2013,21,8,23,2,18
2013,21,9,21,3,9
2013,21,9,21,9,570
2013,21,9,23,2,12
2013,22,1,22,1,702
2013,22,1,22,3,78
2013,22,1,22,4,51
2013,22,1,24,1,21
2013,22,1,24,4,15
2013,22,2,20,6,6
2013,22,2,22,1,24
2013,22,2,22,2,1503
2013,22,2,22,5,6
2013,22,3,22,1,36
2013,22,3,22,3,372
2013,22,3,22,4,6
2013,22,3,24,1,9
2013,22,3,24,4,9
2013,22,3,24,6,6
2013,22,4,22,1,45
2013,22,4,22,3,15
2013,22,4,22,4,177
2013,22,4,24,1,18
2013,22,4,24,3,6
2013,22,5,22,2,9
2013,22,5,22,5,549
2013,22,5,24,1,15
2013,22,5,24,4,12
2013,22,5,24,6,9
2013,23,1,23,1,219
2013,23,1,23,2,15
2013,23,2,21,4,6
2013,23,2,23,1,9
2013,23,2,23,2,2901
2013,23,2,23,3,12
2013,23,2,23,4,15
2013,23,2,23,5,36
2013,23,3,23,2,48
2013,23,3,23,3,132
2013,23,3,23,5,51
2013,23,4,23,2,24
2013,23,4,23,4,732
2013,23,4,23,5,24
2013,23,4,23,7,6
2013,23,5,23,2,36
2013,23,5,23,3,18
2013,23,5,23,4,78
2013,23,5,23,5,4485
2013,23,5,23,7,42
2013,23,5,23,8,27
2013,23,5,23,10,156
2013,23,5,24,2,6
2013,23,6,23,5,27
2013,23,6,23,6,54
2013,23,7,23,4,21
2013,23,7,23,5,105
2013,23,7,23,7,192
2013,23,8,23,5,39
2013,23,8,23,8,93
2013,23,9,23,9,225
2013,23,10,23,2,9
2013,23,10,23,5,330
2013,23,10,23,10,2274
2013,23,10,23,11,6
2013,23,10,23,12,12
2013,23,11,23,10,9
2013,23,11,23,11,138
2013,23,12,23,5,9
2013,23,12,23,12,645
2013,23,13,23,13,12
2013,23,14,23,14,45
2013,23,15,23,15,96
2013,24,1,22,1,18
2013,24,1,22,2,9
2013,24,1,22,3,12
2013,24,1,22,4,36
2013,24,1,22,5,30
2013,24,1,24,1,14355
2013,24,1,24,2,84
2013,24,1,24,3,1731
2013,24,1,24,4,4890
2013,24,1,24,5,1503
2013,24,1,24,6,3186
2013,24,1,24,7,15
2013,24,1,26,2,33
2013,24,1,26,4,6
2013,24,2,24,1,45
2013,24,2,24,2,2346
2013,24,2,24,3,639
2013,24,2,24,4,507
2013,24,2,24,5,219
2013,24,2,24,6,255
2013,24,2,26,1,12
2013,24,2,26,2,21
2013,24,3,24,1,270
2013,24,3,24,2,270
2013,24,3,24,3,16647
2013,24,3,24,4,6423
2013,24,3,24,5,3825
2013,24,3,24,6,4290
2013,24,3,24,7,45
2013,24,3,26,1,21
2013,24,3,26,2,222
2013,24,3,26,3,6
2013,24,3,26,4,18
2013,24,3,26,5,27
2013,24,4,22,1,6
2013,24,4,22,3,6
2013,24,4,24,1,1284
2013,24,4,24,2,153
2013,24,4,24,3,6753
2013,24,4,24,4,31257
2013,24,4,24,5,6771
2013,24,4,24,6,11610
2013,24,4,24,7,51
2013,24,4,26,1,6
2013,24,4,26,2,99
2013,24,4,26,3,9
2013,24,4,26,4,15
2013,24,4,26,5,39
2013,24,5,24,1,198
2013,24,5,24,2,42
2013,24,5,24,3,3339
2013,24,5,24,4,5508
2013,24,5,24,5,7380
2013,24,5,24,6,5301
2013,24,5,24,7,33
2013,24,5,26,2,27
2013,24,5,26,5,18
2013,24,6,22,3,6
2013,24,6,24,1,867
2013,24,6,24,2,69
2013,24,6,24,3,4614
2013,24,6,24,4,12171
2013,24,6,24,5,6321
2013,24,6,24,6,25398
2013,24,6,24,7,78
2013,24,6,26,1,9
2013,24,6,26,2,63
2013,24,6,26,4,6
2013,24,6,26,5,15
2013,24,7,24,1,18
2013,24,7,24,3,219
2013,24,7,24,4,303
2013,24,7,24,5,216
2013,24,7,24,6,405
2013,24,7,24,7,1416
2013,25,1,25,1,267
2013,26,1,24,2,24
2013,26,1,24,3,27
2013,26,1,24,4,18
2013,26,1,24,5,9
2013,26,1,26,1,1725
2013,26,1,26,2,318
2013,26,1,26,3,45
2013,26,1,26,4,12
2013,26,1,26,5,9
2013,26,2,24,1,15
2013,26,2,24,2,63
2013,26,2,24,3,276
2013,26,2,24,4,126
2013,26,2,24,5,69
2013,26,2,24,6,96
2013,26,2,26,1,141
2013,26,2,26,2,8466
2013,26,2,26,3,228
2013,26,2,26,4,54
2013,26,2,26,5,42
2013,26,3,24,3,18
2013,26,3,24,4,9
2013,26,3,24,6,9
2013,26,3,26,1,36
2013,26,3,26,2,624
2013,26,3,26,3,1662
2013,26,3,26,4,33
2013,26,3,26,5,15
2013,26,4,24,3,33
2013,26,4,24,4,24
2013,26,4,24,5,6
2013,26,4,24,6,24
2013,26,4,26,1,18
2013,26,4,26,2,75
2013,26,4,26,3,24
2013,26,4,26,4,3540
2013,26,4,26,5,1080
2013,26,4,26,6,15
2013,26,4,26,7,9
2013,26,5,24,2,9
2013,26,5,24,3,48
2013,26,5,24,4,33
2013,26,5,24,5,18
2013,26,5,24,6,36
2013,26,5,26,1,6
2013,26,5,26,2,66
2013,26,5,26,4,930
2013,26,5,26,5,12444
2013,26,5,26,6,48
2013,26,5,26,7,90
2013,26,5,26,8,21
2013,26,6,26,2,9
2013,26,6,26,4,24
2013,26,6,26,5,105
2013,26,6,26,6,2448
2013,26,6,26,7,12
2013,26,6,26,8,66
2013,26,7,26,4,36
2013,26,7,26,5,390
2013,26,7,26,6,30
2013,26,7,26,7,2298
2013,26,7,26,8,144
2013,26,8,26,5,36
2013,26,8,26,6,45
2013,26,8,26,7,39
2013,26,8,26,8,6483
2013,26,8,27,1,63
2013,26,8,27,4,24
2013,26,8,27,5,6
2013,26,8,27,6,63
2013,26,8,27,7,6
2013,26,8,28,3,9
2013,27,1,26,8,27
2013,27,1,27,1,1206
2013,27,1,27,2,6
2013,27,1,27,3,39
2013,27,1,27,4,186
2013,27,1,27,5,42
2013,27,1,27,6,717
2013,27,1,28,3,6
2013,27,2,27,1,12
2013,27,2,27,2,267
2013,27,2,27,4,6
2013,27,2,27,5,15
2013,27,2,27,6,12
2013,27,3,27,1,12
2013,27,3,27,3,357
2013,27,3,27,4,165
2013,27,3,27,5,27
2013,27,3,27,6,576
2013,27,4,26,8,48
2013,27,4,27,1,108
2013,27,4,27,2,12
2013,27,4,27,3,132
2013,27,4,27,4,4794
2013,27,4,27,5,672
2013,27,4,27,6,6141
2013,27,4,27,7,138
2013,27,4,27,8,9
2013,27,4,28,3,21
2013,27,5,26,8,21
2013,27,5,27,1,45
2013,27,5,27,2,18
2013,27,5,27,3,51
2013,27,5,27,4,1032
2013,27,5,27,5,2925
2013,27,5,27,6,2151
2013,27,5,27,7,135
2013,27,5,27,8,9
2013,27,5,28,3,9
2013,27,5,29,5,6
2013,27,6,26,8,96
2013,27,6,27,1,201
2013,27,6,27,2,12
2013,27,6,27,3,255
2013,27,6,27,4,4044
2013,27,6,27,5,846
2013,27,6,27,6,18888
2013,27,6,27,7,162
2013,27,6,27,8,12
2013,27,6,28,2,6
2013,27,6,28,3,42
2013,27,6,29,5,9
2013,27,7,27,1,9
2013,27,7,27,4,105
2013,27,7,27,5,87
2013,27,7,27,6,201
2013,27,7,27,7,5598
2013,27,7,27,8,39
2013,27,7,28,3,12
2013,27,7,29,4,21
2013,27,7,29,5,87
2013,27,8,27,4,9
2013,27,8,27,5,12
2013,27,8,27,6,24
2013,27,8,27,7,81
2013,27,8,27,8,1023
2013,27,8,28,1,18
2013,27,8,29,4,6
2013,27,8,29,5,72
2013,28,1,27,6,9
2013,28,1,27,7,9
2013,28,1,27,8,12
2013,28,1,28,1,600
2013,28,1,28,3,57
2013,28,2,27,1,6
2013,28,2,27,6,6
2013,28,2,28,2,789
2013,28,2,28,3,18
2013,28,3,26,8,21
2013,28,3,27,1,12
2013,28,3,27,4,36
2013,28,3,27,5,12
2013,28,3,27,6,69
2013,28,3,27,7,9
2013,28,3,27,8,6
2013,28,3,28,1,27
2013,28,3,28,2,42
2013,28,3,28,3,5937
2013,28,3,28,4,105
2013,28,3,28,5,285
2013,28,4,26,6,9
2013,28,4,28,3,135
2013,28,4,28,4,3873
2013,28,4,28,5,102
2013,28,5,28,3,84
2013,28,5,28,4,75
2013,28,5,28,5,8961
2013,28,5,28,6,51
2013,28,5,28,7,36
2013,28,5,29,1,27
2013,28,6,28,5,42
2013,28,6,28,6,129
2013,28,7,28,5,45
2013,28,7,28,7,72
2013,29,1,28,5,21
2013,29,1,29,1,2010
2013,29,1,29,2,27
2013,29,1,29,4,36
2013,29,1,29,5,9
2013,29,1,29,6,6
2013,29,1,29,10,15
2013,29,2,28,5,12
2013,29,2,29,1,51
2013,29,2,29,2,1257
2013,29,2,29,4,21
2013,29,2,29,5,162
2013,29,2,29,6,12
2013,29,3,27,7,6
2013,29,3,29,3,1446
2013,29,3,29,4,363
2013,29,3,29,5,147
2013,29,3,29,6,12
2013,29,3,29,7,12
2013,29,3,29,8,54
2013,29,3,29,9,9
2013,29,3,29,10,9
2013,29,4,27,7,12
2013,29,4,29,1,42
2013,29,4,29,2,15
2013,29,4,29,3,315
2013,29,4,29,4,18900
2013,29,4,29,5,183
2013,29,4,29,6,264
2013,29,4,29,7,495
2013,29,4,29,8,309
2013,29,4,29,9,225
2013,29,4,29,10,126
2013,29,5,27,6,18
2013,29,5,27,7,45
2013,29,5,27,8,30
2013,29,5,28,3,6
2013,29,5,28,5,6
2013,29,5,29,1,12
2013,29,5,29,2,57
2013,29,5,29,3,162
2013,29,5,29,4,162
2013,29,5,29,5,4485
2013,29,5,29,6,9
2013,29,5,29,7,12
2013,29,5,29,8,15
2013,29,5,29,10,6
2013,29,6,29,1,18
2013,29,6,29,2,21
2013,29,6,29,3,12
2013,29,6,29,4,336
2013,29,6,29,5,21
2013,29,6,29,6,1830
2013,29,6,29,7,42
2013,29,6,29,8,18
2013,29,6,29,10,57
2013,29,7,29,3,6
2013,29,7,29,4,327
2013,29,7,29,6,66
2013,29,7,29,7,501
2013,29,7,29,8,6
2013,29,7,29,10,30
2013,29,8,29,3,60
2013,29,8,29,4,261
2013,29,8,29,5,12
2013,29,8,29,7,15
2013,29,8,29,8,609
2013,29,9,29,4,192
2013,29,9,29,7,12
2013,29,9,29,8,6
2013,29,9,29,9,612
2013,29,10,29,1,21
2013,29,10,29,2,9
2013,29,10,29,3,18
2013,29,10,29,4,333
2013,29,10,29,5,12
2013,29,10,29,6,135
2013,29,10,29,7,66
2013,29,10,29,8,12
2013,29,10,29,10,2523
